"Name","Team","GB/FB","LD%","GB%","FB%","HR/FB","O-Swing%","Z-Swing%","Swing%","O-Contact%","Z-Contact%","Contact%","Zone%","F-Strike%","SwStr%","Pull%","Cent%","Oppo%","playerid"
"Mike Trout","Angels","0.82","18.4 %","36.7 %","44.9 %","23.2 %","19.7 %","61.5 %","37.7 %","68.1 %","90.1 %","83.5 %","43.1 %","60.0 %","6.2 %","40.2 %","35.8 %","24.1 %","10155"
"J.D. Martinez","- - -","0.89","18.5 %","38.3 %","43.2 %","33.8 %","32.1 %","76.4 %","51.4 %","54.1 %","80.5 %","71.2 %","43.6 %","63.4 %","14.8 %","38.3 %","32.8 %","28.9 %","6184"
"Aaron Judge","Yankees","0.81","21.9 %","34.9 %","43.2 %","35.6 %","24.7 %","66.2 %","41.1 %","44.8 %","80.6 %","67.6 %","39.5 %","56.8 %","13.3 %","41.4 %","30.8 %","27.8 %","15640"
"Joey Votto","Reds","1.03","23.0 %","39.0 %","38.0 %","19.7 %","15.8 %","71.4 %","41.9 %","78.3 %","88.0 %","86.0 %","46.8 %","55.9 %","5.9 %","38.6 %","31.1 %","30.3 %","4314"
"Rhys Hoskins","Phillies","0.68","23.8 %","31.0 %","45.2 %","31.6 %","24.0 %","57.7 %","38.3 %","68.4 %","88.8 %","81.4 %","42.4 %","53.8 %","7.1 %","49.2 %","28.6 %","22.2 %","16472"
"Bryce Harper","Nationals","1.07","22.0 %","40.4 %","37.6 %","24.0 %","30.1 %","74.4 %","49.0 %","55.9 %","85.1 %","74.8 %","42.7 %","54.7 %","12.4 %","35.5 %","35.2 %","29.3 %","11579"
"Charlie Blackmon","Rockies","1.10","22.3 %","40.7 %","37.0 %","19.6 %","30.2 %","64.7 %","46.3 %","70.0 %","90.1 %","83.1 %","46.5 %","57.4 %","7.8 %","43.5 %","31.7 %","24.9 %","7859"
"Matt Olson","Athletics","0.83","15.9 %","38.1 %","46.0 %","41.4 %","28.3 %","68.2 %","44.9 %","56.3 %","78.0 %","70.0 %","41.6 %","56.9 %","13.5 %","49.6 %","28.7 %","21.7 %","14344"
"Giancarlo Stanton","Marlins","1.13","16.0 %","44.6 %","39.4 %","34.3 %","27.4 %","65.8 %","42.9 %","52.5 %","81.5 %","70.4 %","40.5 %","53.2 %","12.7 %","44.6 %","35.2 %","20.1 %","4949"
"Freddie Freeman","Braves","0.86","24.5 %","34.9 %","40.6 %","19.9 %","32.7 %","84.2 %","52.9 %","66.2 %","83.3 %","76.9 %","39.1 %","58.2 %","12.2 %","38.6 %","32.9 %","28.5 %","5361"
"Jose Altuve","Astros","1.44","20.3 %","47.0 %","32.7 %","14.6 %","33.1 %","67.8 %","47.6 %","74.9 %","91.7 %","84.9 %","41.7 %","66.9 %","7.2 %","40.8 %","32.9 %","26.3 %","5417"
"Paul Goldschmidt","Diamondbacks","1.32","18.8 %","46.3 %","34.9 %","24.8 %","24.4 %","62.2 %","40.9 %","64.3 %","80.2 %","74.9 %","43.8 %","59.0 %","10.3 %","39.5 %","36.9 %","23.6 %","9218"
"Justin Turner","Dodgers","0.66","20.8 %","31.4 %","47.8 %","10.8 %","25.0 %","67.4 %","43.8 %","77.4 %","89.1 %","85.4 %","44.3 %","56.0 %","6.4 %","36.7 %","38.9 %","24.5 %","5235"
"Kris Bryant","Cubs","0.89","19.9 %","37.7 %","42.4 %","16.0 %","28.3 %","68.3 %","45.4 %","64.7 %","85.0 %","77.7 %","42.7 %","57.6 %","10.1 %","41.2 %","36.3 %","22.5 %","15429"
"Tommy Pham","Cardinals","1.98","22.2 %","51.7 %","26.1 %","26.7 %","19.0 %","59.9 %","37.9 %","62.0 %","86.5 %","79.9 %","46.2 %","58.3 %","7.6 %","36.8 %","34.9 %","28.3 %","2967"
"Jose Ramirez","Indians","0.98","21.4 %","38.9 %","39.7 %","14.1 %","25.4 %","66.6 %","43.4 %","76.6 %","92.7 %","87.4 %","43.7 %","55.8 %","5.5 %","46.3 %","32.1 %","21.7 %","13510"
"Josh Donaldson","Blue Jays","0.97","16.7 %","41.0 %","42.3 %","25.6 %","24.9 %","64.7 %","42.2 %","59.5 %","81.7 %","74.2 %","43.4 %","55.4 %","10.9 %","47.1 %","33.0 %","19.9 %","5038"
"Nolan Arenado","Rockies","0.76","21.1 %","34.0 %","44.9 %","16.3 %","30.6 %","70.9 %","48.2 %","63.1 %","87.3 %","78.7 %","43.6 %","57.2 %","10.3 %","37.7 %","35.1 %","27.2 %","9777"
"Anthony Rendon","Nationals","0.72","18.8 %","34.0 %","47.2 %","12.3 %","21.0 %","63.0 %","40.4 %","73.2 %","92.6 %","87.2 %","46.2 %","57.0 %","5.2 %","40.7 %","31.0 %","28.2 %","12861"
"Carlos Correa","Astros","1.51","20.4 %","47.9 %","31.7 %","22.6 %","27.7 %","62.0 %","42.2 %","66.6 %","87.8 %","79.8 %","42.4 %","56.8 %","8.6 %","30.5 %","40.7 %","28.7 %","14162"
"Zack Cozart","Reds","0.90","19.5 %","38.2 %","42.3 %","15.6 %","24.4 %","60.4 %","40.9 %","71.2 %","92.2 %","85.4 %","45.8 %","61.0 %","6.0 %","48.9 %","34.6 %","16.5 %","2616"
"Michael Conforto","Mets","1.00","24.4 %","37.8 %","37.8 %","27.3 %","26.6 %","63.7 %","42.8 %","56.9 %","81.5 %","72.9 %","43.7 %","53.6 %","11.6 %","32.4 %","39.7 %","27.9 %","16376"
"Marcell Ozuna","Marlins","1.41","19.3 %","47.1 %","33.5 %","23.4 %","33.1 %","73.1 %","49.6 %","59.2 %","83.9 %","74.3 %","41.3 %","62.9 %","12.8 %","38.6 %","36.3 %","25.1 %","10324"
"Ryan Zimmerman","Nationals","1.38","19.9 %","46.4 %","33.7 %","26.5 %","31.1 %","62.5 %","44.3 %","64.7 %","86.2 %","77.5 %","42.2 %","57.1 %","10.0 %","35.5 %","35.5 %","29.0 %","4220"
"Austin Barnes","Dodgers","1.55","25.7 %","45.1 %","29.1 %","15.7 %","17.4 %","58.4 %","36.5 %","70.7 %","92.8 %","87.2 %","46.6 %","55.3 %","4.7 %","33.1 %","41.7 %","25.1 %","12158"
"Nelson Cruz","Mariners","0.97","17.7 %","40.4 %","41.8 %","22.0 %","29.6 %","71.4 %","47.2 %","51.8 %","81.4 %","70.6 %","42.0 %","59.4 %","13.9 %","41.8 %","36.4 %","21.8 %","2434"
"Daniel Murphy","Nationals","0.86","27.6 %","33.5 %","38.9 %","12.8 %","31.2 %","67.1 %","47.1 %","77.5 %","93.5 %","87.6 %","44.4 %","54.1 %","5.8 %","39.1 %","36.3 %","24.6 %","4316"
"Adrian Beltre","Rangers","1.17","19.7 %","43.2 %","37.1 %","15.6 %","33.4 %","66.2 %","46.7 %","74.4 %","89.2 %","82.9 %","40.6 %","59.9 %","8.0 %","41.2 %","38.1 %","20.8 %","639"
"Jesse Winker","Reds","1.70","16.5 %","52.6 %","30.9 %","23.3 %","20.4 %","64.7 %","42.5 %","74.5 %","87.0 %","84.0 %","49.9 %","59.9 %","6.8 %","40.8 %","37.8 %","21.4 %","13590"
"Marwin Gonzalez","Astros","1.21","19.9 %","43.9 %","36.2 %","18.1 %","29.2 %","59.8 %","42.2 %","68.8 %","89.0 %","80.9 %","42.4 %","56.7 %","8.0 %","41.8 %","33.5 %","24.7 %","5497"
"Cody Bellinger","Dodgers","0.75","17.6 %","35.3 %","47.1 %","25.2 %","27.4 %","67.4 %","44.4 %","56.5 %","77.0 %","69.6 %","42.3 %","55.3 %","13.5 %","42.4 %","34.7 %","22.9 %","15998"
"Anthony Rizzo","Cubs","1.04","20.1 %","40.7 %","39.2 %","16.9 %","30.4 %","66.8 %","46.3 %","71.0 %","90.6 %","83.4 %","43.7 %","56.2 %","7.7 %","44.9 %","33.3 %","21.8 %","3473"
"Jose Martinez","Cardinals","1.34","26.6 %","42.1 %","31.3 %","20.9 %","26.6 %","59.3 %","41.5 %","69.4 %","86.6 %","80.6 %","45.5 %","59.9 %","8.1 %","34.9 %","35.8 %","29.3 %","7996"
"Justin Upton","- - -","0.84","19.6 %","36.8 %","43.7 %","21.2 %","26.9 %","66.1 %","44.4 %","58.5 %","78.5 %","71.7 %","44.6 %","58.7 %","12.5 %","38.6 %","35.7 %","25.7 %","5222"
"Jose Abreu","White Sox","1.24","18.2 %","45.3 %","36.4 %","17.9 %","33.0 %","67.7 %","48.2 %","63.5 %","88.8 %","79.1 %","43.8 %","57.3 %","10.1 %","38.7 %","33.6 %","27.7 %","15676"
"Eric Hosmer","Royals","2.50","22.2 %","55.6 %","22.2 %","22.5 %","30.0 %","69.2 %","47.0 %","64.2 %","89.2 %","80.2 %","43.5 %","58.1 %","9.3 %","31.3 %","35.7 %","32.9 %","3516"
"George Springer","Astros","1.43","17.9 %","48.3 %","33.8 %","22.8 %","23.7 %","70.5 %","44.6 %","61.7 %","85.8 %","78.7 %","44.8 %","56.4 %","9.5 %","40.8 %","33.8 %","25.4 %","12856"
"Avisail Garcia","White Sox","1.90","20.3 %","52.2 %","27.5 %","16.1 %","39.8 %","83.4 %","59.0 %","52.9 %","84.3 %","72.4 %","43.9 %","62.6 %","16.3 %","42.7 %","33.6 %","23.8 %","5760"
"Justin Bour","Marlins","1.29","23.1 %","43.4 %","33.6 %","26.0 %","32.4 %","62.0 %","44.7 %","60.9 %","83.6 %","74.0 %","41.6 %","55.2 %","11.6 %","47.2 %","34.3 %","18.5 %","9744"
"Edwin Encarnacion","Indians","0.89","21.1 %","37.1 %","41.8 %","21.3 %","23.5 %","68.4 %","42.9 %","60.7 %","83.3 %","76.3 %","43.3 %","52.6 %","10.2 %","46.7 %","32.9 %","20.4 %","2151"
"Domingo Santana","Brewers","1.62","27.4 %","44.9 %","27.7 %","30.9 %","26.5 %","71.3 %","46.3 %","51.9 %","78.9 %","70.3 %","44.2 %","62.1 %","13.8 %","34.9 %","37.1 %","28.0 %","10348"
"Kurt Suzuki","Braves","0.75","18.5 %","34.9 %","46.6 %","17.1 %","39.3 %","71.1 %","52.8 %","75.7 %","91.9 %","84.9 %","42.3 %","56.3 %","8.0 %","48.8 %","35.0 %","16.3 %","8259"
"Austin Jackson","Indians","1.54","21.0 %","47.9 %","31.1 %","10.3 %","23.8 %","63.6 %","42.2 %","62.3 %","87.8 %","80.0 %","46.2 %","58.8 %","8.4 %","36.8 %","35.9 %","27.3 %","9848"
"Teoscar Hernandez","- - -","0.58","22.6 %","28.3 %","49.1 %","30.8 %","31.4 %","73.7 %","50.1 %","58.7 %","71.4 %","67.0 %","44.3 %","61.1 %","16.6 %","47.2 %","28.3 %","24.5 %","13066"
"Justin Smoak","Blue Jays","0.77","21.2 %","34.3 %","44.5 %","19.7 %","25.8 %","66.9 %","43.0 %","62.9 %","87.9 %","79.2 %","41.9 %","56.5 %","9.0 %","40.8 %","35.3 %","24.0 %","9054"
"Jorge Alfaro","Phillies","1.70","16.2 %","52.7 %","31.1 %","21.7 %","46.2 %","83.1 %","61.9 %","39.4 %","84.1 %","64.9 %","42.5 %","64.0 %","21.7 %","31.1 %","40.5 %","28.4 %","12180"
"Yoenis Cespedes","Mets","0.70","15.9 %","34.5 %","49.6 %","14.8 %","35.5 %","67.0 %","48.9 %","65.4 %","91.5 %","80.6 %","42.5 %","60.8 %","9.5 %","41.4 %","33.6 %","25.0 %","13110"
"Eric Thames","Brewers","0.93","20.3 %","38.4 %","41.3 %","24.6 %","27.6 %","66.8 %","43.2 %","54.2 %","80.9 %","70.7 %","39.8 %","55.2 %","12.7 %","45.4 %","28.1 %","26.5 %","3711"
"Adam Eaton","Nationals","1.70","15.1 %","53.4 %","31.5 %","8.7 %","27.1 %","61.3 %","42.4 %","69.7 %","86.1 %","80.3 %","44.9 %","51.4 %","8.4 %","29.7 %","36.5 %","33.8 %","11205"
"Robinson Chirinos","Rangers","0.87","13.6 %","40.2 %","46.2 %","20.0 %","27.2 %","67.0 %","43.6 %","53.9 %","79.8 %","70.3 %","41.1 %","56.6 %","13.0 %","52.7 %","25.3 %","22.0 %","3142"
"Lonnie Chisenhall","Indians","0.85","15.8 %","38.6 %","45.7 %","14.3 %","33.7 %","72.1 %","50.3 %","69.8 %","85.3 %","79.4 %","43.2 %","54.4 %","10.4 %","38.0 %","38.5 %","23.5 %","7571"
"Nick Delmonico","White Sox","1.08","22.4 %","40.2 %","37.4 %","22.5 %","24.0 %","73.9 %","46.0 %","63.7 %","84.2 %","78.2 %","44.0 %","54.2 %","10.0 %","41.8 %","36.4 %","21.8 %","13157"
"Tommy La Stella","Cubs","1.27","22.9 %","43.1 %","33.9 %","13.5 %","23.5 %","66.2 %","44.1 %","75.3 %","93.6 %","88.5 %","48.2 %","51.0 %","5.1 %","45.0 %","35.8 %","19.3 %","12371"
"Gary Sanchez","Yankees","1.15","21.1 %","42.3 %","36.6 %","25.4 %","33.7 %","66.5 %","47.9 %","60.1 %","82.9 %","73.8 %","43.2 %","55.6 %","12.6 %","51.6 %","33.2 %","15.2 %","11442"
"Chris Iannetta","Diamondbacks","0.87","20.4 %","37.1 %","42.5 %","21.5 %","21.8 %","69.5 %","44.4 %","50.3 %","82.9 %","74.5 %","47.4 %","61.1 %","11.3 %","40.9 %","30.1 %","29.0 %","8267"
"Scooter Gennett","Reds","1.10","21.1 %","41.3 %","37.6 %","20.8 %","32.1 %","68.6 %","48.8 %","69.0 %","85.9 %","79.9 %","45.9 %","60.6 %","9.8 %","42.4 %","33.8 %","23.8 %","10339"
"Yonder Alonso","- - -","0.78","22.8 %","33.9 %","43.2 %","19.4 %","27.7 %","74.5 %","47.0 %","59.5 %","84.2 %","75.6 %","41.3 %","52.6 %","11.5 %","40.8 %","33.6 %","25.5 %","2530"
"Buster Posey","Giants","1.32","23.3 %","43.6 %","33.0 %","8.4 %","25.6 %","67.4 %","44.2 %","75.9 %","89.7 %","85.3 %","44.6 %","52.6 %","6.5 %","36.5 %","40.0 %","23.6 %","9166"
"Colby Rasmus","Rays","0.72","26.7 %","30.7 %","42.7 %","28.1 %","36.1 %","76.7 %","54.4 %","36.8 %","77.6 %","62.7 %","45.0 %","57.4 %","20.3 %","54.6 %","31.2 %","14.3 %","9893"
"Corey Seager","Dodgers","1.27","24.8 %","42.1 %","33.1 %","16.2 %","29.1 %","78.8 %","50.1 %","54.3 %","86.4 %","75.6 %","42.3 %","60.5 %","12.2 %","36.5 %","35.5 %","28.0 %","13624"
"Joey Gallo","Rangers","0.51","17.9 %","27.9 %","54.2 %","30.1 %","31.8 %","74.3 %","47.1 %","42.6 %","71.6 %","59.1 %","36.1 %","57.5 %","19.3 %","49.6 %","29.4 %","21.0 %","14128"
"Aaron Hicks","Yankees","1.09","15.7 %","44.1 %","40.3 %","15.8 %","22.5 %","61.1 %","39.0 %","61.6 %","81.2 %","74.8 %","43.0 %","55.4 %","9.8 %","42.9 %","35.0 %","22.1 %","5297"
"Adam Lind","Nationals","1.27","17.7 %","46.0 %","36.3 %","17.1 %","32.6 %","58.9 %","45.1 %","73.0 %","90.3 %","83.7 %","47.7 %","56.5 %","7.3 %","35.4 %","39.4 %","25.2 %","8027"
"Logan Morrison","Rays","0.72","20.5 %","33.3 %","46.2 %","22.5 %","27.7 %","70.3 %","46.0 %","56.9 %","82.5 %","73.7 %","43.0 %","57.2 %","12.1 %","46.5 %","35.8 %","17.8 %","9205"
"Brian Dozier","Twins","0.90","19.0 %","38.4 %","42.6 %","16.8 %","23.4 %","62.5 %","41.5 %","63.7 %","83.8 %","77.7 %","46.4 %","57.0 %","9.3 %","50.4 %","32.0 %","17.6 %","9810"
"Willson Contreras","Cubs","1.81","17.4 %","53.3 %","29.3 %","25.9 %","31.8 %","66.5 %","47.3 %","59.9 %","78.5 %","71.5 %","44.5 %","60.1 %","13.5 %","43.6 %","35.5 %","20.9 %","11609"
"Alex Avila","- - -","1.14","27.6 %","38.5 %","33.9 %","21.5 %","14.3 %","60.0 %","36.8 %","34.2 %","72.9 %","65.3 %","49.3 %","60.9 %","12.8 %","34.7 %","38.3 %","26.9 %","7476"
"Howie Kendrick","- - -","2.85","21.9 %","57.8 %","20.3 %","18.8 %","33.5 %","64.8 %","47.8 %","67.4 %","87.6 %","79.9 %","45.6 %","62.6 %","9.6 %","31.4 %","38.9 %","29.7 %","4229"
"Chris Taylor","Dodgers","1.16","22.6 %","41.5 %","35.8 %","15.8 %","25.2 %","68.9 %","45.6 %","53.1 %","86.0 %","76.3 %","46.6 %","64.3 %","10.8 %","38.3 %","33.5 %","28.2 %","13757"
"Miguel Sano","Twins","0.96","20.6 %","38.9 %","40.5 %","27.5 %","29.1 %","75.0 %","48.6 %","40.3 %","73.5 %","62.0 %","42.5 %","61.5 %","18.4 %","44.1 %","37.3 %","18.7 %","12164"
"Khris Davis","Athletics","0.91","19.3 %","38.4 %","42.3 %","26.9 %","26.6 %","75.2 %","47.2 %","49.6 %","77.9 %","68.7 %","42.3 %","58.0 %","14.7 %","34.4 %","42.3 %","23.3 %","9112"
"Travis Shaw","Brewers","1.13","19.9 %","42.5 %","37.6 %","20.5 %","29.3 %","66.5 %","45.1 %","67.0 %","87.9 %","80.1 %","42.6 %","52.8 %","9.0 %","40.4 %","33.9 %","25.7 %","11982"
"Matt Carpenter","Cardinals","0.53","22.3 %","26.9 %","50.8 %","12.2 %","16.6 %","54.7 %","34.1 %","65.7 %","88.4 %","82.4 %","46.0 %","56.3 %","6.0 %","47.2 %","31.4 %","21.4 %","8090"
"Andrew McCutchen","Pirates","1.09","21.9 %","40.7 %","37.4 %","16.4 %","25.0 %","67.9 %","44.9 %","69.2 %","85.2 %","80.4 %","46.3 %","58.2 %","8.8 %","42.7 %","36.8 %","20.6 %","9847"
"Mitch Haniger","Mariners","1.20","19.3 %","44.0 %","36.7 %","15.8 %","24.5 %","61.7 %","42.0 %","58.7 %","88.6 %","79.3 %","47.0 %","62.7 %","8.7 %","45.1 %","33.6 %","21.3 %","14274"
"Aaron Altherr","Phillies","1.15","19.3 %","43.1 %","37.5 %","18.8 %","28.5 %","63.7 %","44.4 %","52.0 %","83.0 %","72.2 %","45.3 %","62.9 %","12.4 %","37.6 %","32.3 %","30.1 %","11270"
"Paul DeJong","Cardinals","0.79","23.5 %","33.7 %","42.9 %","19.8 %","33.6 %","72.3 %","51.6 %","59.2 %","82.2 %","74.2 %","46.4 %","61.4 %","13.3 %","46.9 %","32.7 %","20.4 %","18015"
"Tyler Flowers","Braves","1.27","24.5 %","42.2 %","33.3 %","15.2 %","28.6 %","73.4 %","47.9 %","64.0 %","85.7 %","78.3 %","43.2 %","61.6 %","10.4 %","43.9 %","28.3 %","27.9 %","9134"
"Dexter Fowler","Cardinals","1.03","22.4 %","39.4 %","38.2 %","14.6 %","24.8 %","66.9 %","43.0 %","62.5 %","87.4 %","79.3 %","43.3 %","56.4 %","8.9 %","40.3 %","37.5 %","22.3 %","4062"
"Mark Reynolds","Rockies","1.16","21.6 %","42.1 %","36.3 %","23.8 %","26.1 %","67.5 %","44.5 %","45.0 %","78.6 %","67.6 %","44.5 %","57.3 %","14.4 %","44.0 %","33.9 %","22.1 %","7619"
"Josh Reddick","Astros","0.79","24.2 %","33.6 %","42.3 %","7.4 %","28.0 %","64.8 %","43.7 %","75.6 %","91.4 %","85.6 %","42.5 %","54.8 %","6.3 %","35.9 %","36.1 %","28.0 %","3892"
"Daniel Nava","Phillies","1.52","27.9 %","43.5 %","28.6 %","9.5 %","21.4 %","62.6 %","41.3 %","66.3 %","89.2 %","83.1 %","48.3 %","57.5 %","7.0 %","44.2 %","28.6 %","27.2 %","5450"
"Eugenio Suarez","Reds","1.05","24.0 %","38.9 %","37.1 %","17.9 %","24.2 %","65.5 %","42.1 %","58.4 %","86.4 %","77.3 %","43.4 %","59.3 %","9.6 %","42.7 %","30.2 %","27.1 %","12552"
"Jonathan Schoop","Orioles","1.13","20.9 %","41.9 %","37.2 %","17.7 %","37.1 %","74.0 %","52.4 %","59.0 %","83.9 %","73.6 %","41.6 %","61.2 %","13.8 %","45.8 %","34.3 %","19.9 %","11265"
"Jose Pirela","Padres","1.50","21.2 %","47.3 %","31.5 %","13.2 %","33.0 %","63.5 %","46.7 %","59.5 %","86.6 %","76.1 %","45.0 %","62.2 %","11.2 %","44.3 %","30.3 %","25.4 %","5485"
"Mike Zunino","Mariners","0.70","22.4 %","32.0 %","45.6 %","24.0 %","30.1 %","72.3 %","49.5 %","43.7 %","73.6 %","63.8 %","45.9 %","61.6 %","17.9 %","50.9 %","32.5 %","16.7 %","13265"
"Jake Lamb","Diamondbacks","1.07","20.6 %","41.1 %","38.3 %","20.1 %","22.4 %","61.8 %","39.8 %","58.6 %","86.6 %","77.8 %","44.2 %","56.1 %","8.8 %","41.9 %","35.2 %","22.9 %","13329"
"Francisco Lindor","Indians","0.92","18.3 %","39.2 %","42.4 %","14.0 %","30.7 %","68.0 %","47.2 %","75.3 %","92.6 %","86.3 %","44.3 %","58.5 %","6.5 %","40.5 %","34.5 %","25.1 %","12916"
"Brandon Belt","Giants","0.63","23.4 %","29.7 %","46.9 %","14.1 %","22.0 %","75.4 %","45.3 %","62.6 %","81.7 %","76.5 %","43.7 %","55.4 %","10.7 %","39.4 %","37.6 %","22.9 %","10264"
"Jesus Aguilar","Brewers","1.08","21.3 %","41.0 %","37.8 %","22.5 %","33.4 %","63.7 %","46.5 %","55.2 %","78.2 %","68.8 %","43.2 %","57.6 %","14.5 %","38.8 %","44.7 %","16.5 %","11342"
"Alex Bregman","Astros","0.96","21.7 %","38.4 %","39.9 %","10.2 %","25.8 %","66.4 %","44.8 %","75.0 %","90.5 %","85.7 %","46.7 %","63.3 %","6.4 %","42.6 %","37.3 %","20.1 %","17678"
"Carlos Santana","Indians","1.04","20.0 %","40.8 %","39.3 %","12.3 %","21.4 %","62.1 %","40.0 %","70.6 %","86.9 %","82.1 %","45.6 %","54.1 %","7.1 %","51.2 %","32.4 %","16.5 %","2396"
"Jay Bruce","- - -","0.70","20.8 %","32.5 %","46.7 %","18.5 %","31.3 %","73.3 %","49.7 %","58.2 %","82.5 %","73.9 %","43.8 %","60.0 %","13.0 %","44.4 %","34.4 %","21.2 %","9892"
"Eddie Rosario","Twins","1.13","20.2 %","42.4 %","37.4 %","16.4 %","37.6 %","76.1 %","54.9 %","72.0 %","82.1 %","78.3 %","44.9 %","59.4 %","11.9 %","39.3 %","36.8 %","23.9 %","12155"
"Trey Mancini","Orioles","1.72","19.4 %","51.0 %","29.7 %","19.8 %","34.9 %","72.1 %","50.9 %","60.0 %","81.2 %","72.9 %","43.0 %","61.3 %","13.8 %","37.5 %","35.3 %","27.2 %","15149"
"Joe Mauer","Twins","2.18","24.9 %","51.5 %","23.6 %","6.7 %","20.5 %","53.4 %","36.5 %","77.5 %","93.3 %","88.7 %","48.5 %","57.0 %","4.1 %","24.7 %","37.5 %","37.8 %","1857"
"Ian Happ","Cubs","1.01","20.1 %","40.2 %","39.7 %","25.3 %","31.5 %","74.6 %","49.3 %","49.7 %","77.9 %","67.3 %","41.2 %","58.8 %","16.1 %","44.8 %","31.5 %","23.7 %","17919"
"Yasiel Puig","Dodgers","1.35","16.1 %","48.3 %","35.6 %","19.4 %","29.4 %","69.5 %","46.2 %","59.8 %","86.9 %","76.9 %","42.0 %","59.0 %","10.7 %","46.5 %","30.5 %","23.0 %","14225"
"Steven Souza Jr.","Rays","1.30","21.1 %","44.6 %","34.3 %","25.6 %","24.4 %","70.8 %","43.8 %","50.4 %","78.7 %","69.6 %","41.9 %","60.1 %","13.3 %","46.8 %","32.4 %","20.8 %","5667"
"Christian Yelich","Marlins","2.20","19.4 %","55.4 %","25.2 %","15.3 %","25.0 %","64.1 %","42.4 %","61.6 %","88.4 %","79.6 %","44.4 %","52.1 %","8.6 %","33.3 %","37.4 %","29.3 %","11477"
"Brandon Nimmo","Mets","1.31","24.4 %","42.9 %","32.8 %","12.8 %","17.0 %","59.3 %","36.9 %","55.3 %","86.0 %","78.5 %","47.0 %","57.2 %","7.9 %","32.5 %","36.7 %","30.8 %","12927"
"Jed Lowrie","Athletics","0.68","27.1 %","29.4 %","43.5 %","6.9 %","24.2 %","75.9 %","48.1 %","70.6 %","88.4 %","83.6 %","46.2 %","60.8 %","7.9 %","35.5 %","37.0 %","27.5 %","4418"
"Ozzie Albies","Braves","1.01","18.8 %","40.9 %","40.3 %","8.2 %","33.3 %","73.4 %","51.4 %","71.1 %","84.8 %","80.0 %","45.3 %","63.1 %","10.3 %","42.9 %","35.3 %","21.7 %","16556"
"Lorenzo Cain","Royals","1.35","22.6 %","44.4 %","32.9 %","9.4 %","30.4 %","71.0 %","49.3 %","64.1 %","90.6 %","81.9 %","46.6 %","63.9 %","8.9 %","31.1 %","40.5 %","28.4 %","9077"
"Ryan Braun","Brewers","1.54","18.9 %","49.2 %","31.9 %","17.3 %","38.0 %","69.9 %","51.9 %","65.4 %","89.0 %","79.2 %","43.6 %","65.7 %","10.8 %","38.6 %","35.1 %","26.3 %","3410"
"Neil Walker","- - -","0.87","22.0 %","36.2 %","41.7 %","10.9 %","26.7 %","61.9 %","41.8 %","70.5 %","86.8 %","80.8 %","42.9 %","57.4 %","8.0 %","43.1 %","34.7 %","22.2 %","7539"
"Matt Adams","- - -","0.91","18.4 %","38.8 %","42.7 %","18.3 %","40.7 %","73.2 %","53.9 %","60.2 %","82.2 %","72.4 %","40.6 %","64.9 %","14.9 %","46.7 %","32.9 %","20.4 %","9393"
"Cesar Hernandez","Phillies","2.14","22.6 %","52.8 %","24.6 %","9.3 %","21.6 %","61.4 %","40.3 %","62.3 %","88.0 %","80.7 %","47.0 %","57.4 %","7.8 %","35.8 %","37.8 %","26.5 %","10556"
"Mike Moustakas","Royals","0.76","19.5 %","34.8 %","45.7 %","17.8 %","40.3 %","76.2 %","55.6 %","69.1 %","89.4 %","81.0 %","42.6 %","58.5 %","10.6 %","43.7 %","33.0 %","23.3 %","4892"
"Yulieski Gurriel","Astros","1.31","18.6 %","46.2 %","35.2 %","10.8 %","32.8 %","67.9 %","48.2 %","70.2 %","91.1 %","83.1 %","43.8 %","62.1 %","8.1 %","41.4 %","37.4 %","21.1 %","19198"
"Rafael Devers","Red Sox","1.38","15.3 %","49.1 %","35.6 %","17.2 %","36.1 %","68.6 %","50.7 %","63.8 %","82.6 %","75.2 %","45.0 %","63.8 %","12.6 %","34.6 %","33.9 %","31.5 %","17350"
"Jedd Gyorko","Cardinals","1.03","20.1 %","40.5 %","39.3 %","15.5 %","29.8 %","71.2 %","48.1 %","58.8 %","85.6 %","76.3 %","44.1 %","60.1 %","11.4 %","43.0 %","30.5 %","26.5 %","10816"
"Nick Williams","Phillies","1.82","23.2 %","49.5 %","27.3 %","20.0 %","44.6 %","79.4 %","59.1 %","53.0 %","79.5 %","67.9 %","41.9 %","65.0 %","19.0 %","31.8 %","42.7 %","25.5 %","14330"
"Elvis Andrus","Rangers","1.54","20.0 %","48.5 %","31.5 %","11.6 %","33.9 %","63.1 %","47.1 %","69.1 %","90.2 %","81.9 %","45.2 %","62.7 %","8.5 %","44.8 %","36.0 %","19.2 %","8709"
"Lane Adams","Braves","1.28","21.9 %","43.8 %","34.2 %","20.0 %","28.9 %","73.1 %","48.6 %","38.2 %","77.4 %","64.5 %","44.6 %","66.4 %","17.3 %","63.5 %","23.0 %","13.5 %","10767"
"Welington Castillo","Orioles","1.09","24.4 %","39.4 %","36.2 %","22.5 %","28.4 %","61.1 %","43.3 %","58.7 %","85.9 %","76.2 %","45.7 %","61.6 %","10.3 %","41.1 %","36.6 %","22.4 %","3256"
"Carlos Gomez","Rangers","0.97","20.6 %","39.1 %","40.3 %","17.3 %","40.8 %","77.9 %","55.7 %","57.6 %","82.6 %","71.6 %","40.2 %","68.5 %","15.8 %","37.4 %","41.0 %","21.7 %","4881"
"Eric Sogard","Brewers","1.19","28.6 %","38.8 %","32.5 %","4.5 %","18.5 %","55.7 %","35.7 %","78.7 %","95.3 %","90.6 %","46.2 %","54.9 %","3.3 %","38.0 %","31.5 %","30.5 %","7927"
"Jake Marisnick","Astros","0.77","15.4 %","36.8 %","47.8 %","24.6 %","34.0 %","70.8 %","49.7 %","50.2 %","77.6 %","66.9 %","42.6 %","66.4 %","16.5 %","39.9 %","30.1 %","30.1 %","11339"
"Matt Joyce","Athletics","0.88","19.3 %","37.8 %","42.8 %","16.1 %","21.4 %","67.2 %","42.4 %","60.7 %","81.9 %","76.1 %","45.8 %","54.2 %","10.1 %","41.6 %","37.5 %","20.9 %","3353"
"Eduardo Nunez","- - -","1.83","17.5 %","53.4 %","29.1 %","10.0 %","39.6 %","70.0 %","53.0 %","75.9 %","90.9 %","84.6 %","44.0 %","62.1 %","8.1 %","41.1 %","36.8 %","22.1 %","6848"
"David Peralta","Diamondbacks","2.08","18.4 %","55.1 %","26.5 %","12.2 %","31.8 %","70.7 %","48.6 %","65.3 %","89.3 %","80.3 %","43.0 %","59.6 %","9.6 %","31.3 %","38.7 %","30.0 %","2136"
"DJ LeMahieu","Rockies","2.82","24.7 %","55.6 %","19.7 %","7.8 %","23.8 %","59.3 %","41.3 %","79.9 %","93.5 %","89.5 %","49.3 %","59.1 %","4.3 %","21.6 %","40.0 %","38.3 %","9874"
"Jeimer Candelario","- - -","1.26","18.6 %","45.4 %","36.1 %","8.6 %","30.5 %","63.6 %","45.0 %","56.0 %","82.3 %","72.3 %","43.7 %","60.6 %","12.5 %","34.0 %","34.0 %","32.0 %","13621"
"Michael Brantley","Indians","1.73","22.3 %","49.3 %","28.4 %","10.8 %","24.7 %","65.9 %","44.1 %","73.5 %","95.2 %","88.8 %","47.2 %","60.8 %","5.0 %","39.7 %","34.9 %","25.3 %","4106"
"Lucas Duda","- - -","0.62","21.0 %","30.3 %","48.6 %","21.3 %","26.8 %","57.9 %","40.2 %","56.0 %","86.5 %","74.9 %","43.1 %","54.2 %","10.1 %","46.2 %","30.3 %","23.5 %","2502"
"Corey Dickerson","Rays","1.17","22.4 %","41.8 %","35.8 %","17.2 %","45.6 %","78.5 %","58.7 %","71.6 %","75.3 %","73.6 %","40.0 %","61.8 %","15.5 %","34.3 %","36.8 %","29.0 %","10762"
"Nick Castellanos","Tigers","0.98","24.5 %","37.3 %","38.2 %","14.3 %","34.6 %","73.2 %","51.2 %","59.2 %","83.9 %","74.3 %","42.9 %","63.9 %","13.1 %","38.6 %","34.8 %","26.6 %","11737"
"A.J. Pollock","Diamondbacks","1.39","23.3 %","44.6 %","32.1 %","12.4 %","27.0 %","60.4 %","42.3 %","66.1 %","92.7 %","83.6 %","45.9 %","58.8 %","7.0 %","43.2 %","37.3 %","19.5 %","9256"
"Shin-Soo Choo","Rangers","1.86","25.0 %","48.8 %","26.2 %","20.4 %","21.6 %","65.1 %","41.7 %","59.5 %","86.3 %","78.8 %","46.2 %","58.2 %","8.8 %","42.8 %","33.7 %","23.4 %","3174"
"Mookie Betts","Red Sox","0.95","16.8 %","40.4 %","42.8 %","10.1 %","22.1 %","53.8 %","36.0 %","72.6 %","92.7 %","85.8 %","43.9 %","56.7 %","5.1 %","44.4 %","35.6 %","20.0 %","13611"
"Pat Valaika","Rockies","0.66","16.5 %","33.1 %","50.4 %","20.3 %","35.0 %","76.4 %","55.7 %","51.7 %","77.9 %","69.6 %","50.0 %","70.3 %","16.9 %","37.0 %","35.6 %","27.4 %","14885"
"Josh Bell","Pirates","1.64","17.7 %","51.1 %","31.2 %","19.1 %","26.7 %","66.0 %","43.5 %","69.7 %","85.0 %","79.6 %","42.8 %","55.0 %","8.9 %","41.5 %","29.6 %","28.9 %","13145"
"Asdrubal Cabrera","Mets","1.20","20.4 %","43.5 %","36.2 %","9.7 %","28.4 %","70.0 %","46.8 %","70.6 %","88.9 %","82.7 %","44.2 %","58.5 %","8.1 %","46.3 %","34.3 %","19.4 %","4962"
"Starlin Castro","Yankees","1.85","20.1 %","51.8 %","28.0 %","16.2 %","34.2 %","71.4 %","49.9 %","64.1 %","87.1 %","78.0 %","42.4 %","60.7 %","11.0 %","42.8 %","33.4 %","23.8 %","4579"
"Brett Phillips","Brewers","1.00","24.5 %","37.7 %","37.7 %","20.0 %","20.8 %","68.5 %","41.7 %","54.0 %","80.5 %","73.0 %","43.8 %","59.2 %","11.2 %","44.4 %","24.1 %","31.5 %","14735"
"Michael Taylor","Nationals","1.17","20.5 %","42.9 %","36.7 %","20.0 %","30.2 %","71.0 %","49.1 %","49.4 %","78.4 %","68.9 %","46.5 %","63.2 %","15.3 %","46.8 %","31.7 %","21.5 %","11489"
"Trea Turner","Nationals","1.54","14.8 %","51.7 %","33.5 %","9.9 %","25.2 %","63.7 %","43.5 %","59.8 %","86.6 %","78.4 %","47.6 %","61.1 %","9.4 %","39.3 %","37.8 %","22.8 %","16252"
"Brian Goodwin","Nationals","0.89","19.0 %","38.0 %","42.9 %","16.5 %","24.5 %","60.7 %","41.0 %","61.8 %","84.2 %","76.9 %","45.6 %","54.7 %","9.5 %","45.4 %","29.2 %","25.4 %","12858"
"Gerardo Parra","Rockies","1.55","22.9 %","46.8 %","30.3 %","10.1 %","35.8 %","68.4 %","51.1 %","70.2 %","90.7 %","83.1 %","46.9 %","63.1 %","8.7 %","33.2 %","37.1 %","29.6 %","8553"
"Kevin Kiermaier","Rays","1.54","18.2 %","49.6 %","32.1 %","16.7 %","30.7 %","69.3 %","47.6 %","61.1 %","83.0 %","75.0 %","43.8 %","59.4 %","11.9 %","39.2 %","38.5 %","22.4 %","11038"
"Brett Gardner","Yankees","1.34","22.3 %","44.5 %","33.2 %","13.5 %","21.2 %","53.1 %","36.0 %","72.3 %","91.8 %","85.7 %","46.3 %","52.4 %","5.2 %","37.3 %","35.4 %","27.3 %","9927"
"Kolten Wong","Cardinals","1.51","20.1 %","48.1 %","31.8 %","4.3 %","25.2 %","68.1 %","45.6 %","69.2 %","87.5 %","82.2 %","47.7 %","58.6 %","8.1 %","38.3 %","33.2 %","28.5 %","12532"
"Mikie Mahtook","Tigers","1.39","20.4 %","46.3 %","33.3 %","13.3 %","30.4 %","58.9 %","43.2 %","67.1 %","90.3 %","81.3 %","44.9 %","63.1 %","8.1 %","43.9 %","36.2 %","19.9 %","13130"
"Wil Myers","Padres","0.88","19.6 %","37.5 %","42.9 %","17.9 %","29.0 %","64.3 %","44.1 %","62.2 %","84.0 %","75.8 %","42.7 %","58.6 %","10.7 %","42.4 %","36.8 %","20.8 %","10047"
"Didi Gregorius","Yankees","0.83","20.0 %","36.2 %","43.8 %","12.1 %","40.8 %","81.3 %","58.2 %","69.1 %","88.0 %","80.4 %","42.9 %","61.8 %","11.4 %","40.3 %","37.4 %","22.3 %","6012"
"Todd Frazier","- - -","0.72","18.4 %","34.2 %","47.5 %","16.1 %","25.0 %","60.2 %","40.2 %","67.1 %","82.2 %","76.9 %","43.3 %","55.7 %","9.3 %","48.6 %","29.7 %","21.8 %","785"
"Ezequiel Carrera","Blue Jays","1.66","22.7 %","48.3 %","29.1 %","13.6 %","23.1 %","57.8 %","38.3 %","59.0 %","88.1 %","78.2 %","43.7 %","60.3 %","8.4 %","37.8 %","39.6 %","22.6 %","9048"
"Robinson Cano","Mariners","1.63","19.4 %","50.0 %","30.6 %","14.7 %","34.9 %","73.3 %","52.0 %","70.8 %","90.6 %","83.2 %","44.6 %","59.9 %","8.7 %","39.4 %","35.7 %","24.9 %","3269"
"Adam Jones","Orioles","1.31","20.9 %","44.8 %","34.3 %","15.7 %","44.1 %","78.9 %","58.1 %","65.1 %","88.2 %","77.7 %","40.3 %","59.2 %","13.0 %","41.4 %","29.9 %","28.7 %","6368"
"Tim Beckham","- - -","1.65","21.8 %","48.8 %","29.5 %","20.6 %","33.8 %","70.7 %","50.4 %","53.1 %","80.4 %","70.3 %","44.9 %","62.3 %","15.0 %","45.7 %","33.2 %","21.2 %","7949"
"Jean Segura","Mariners","2.06","19.3 %","54.3 %","26.4 %","9.5 %","33.8 %","66.1 %","49.2 %","76.7 %","90.1 %","85.3 %","47.7 %","59.7 %","7.2 %","29.9 %","42.3 %","27.8 %","5933"
"Alex Presley","Tigers","1.93","31.1 %","45.4 %","23.5 %","6.5 %","26.2 %","68.4 %","47.1 %","70.7 %","89.2 %","84.0 %","49.7 %","60.6 %","7.5 %","35.7 %","37.7 %","26.6 %","5305"
"Albert Almora Jr.","Cubs","1.66","20.8 %","49.4 %","29.8 %","11.0 %","38.5 %","67.3 %","51.5 %","59.4 %","88.5 %","76.6 %","45.3 %","69.0 %","12.0 %","39.8 %","32.7 %","27.5 %","14109"
"Kyle Schwarber","Cubs","0.82","15.2 %","38.3 %","46.5 %","24.0 %","28.2 %","66.8 %","44.4 %","58.3 %","80.7 %","72.4 %","41.9 %","57.2 %","12.2 %","44.5 %","30.2 %","25.4 %","16478"
"Whit Merrifield","Royals","0.93","21.8 %","37.7 %","40.5 %","9.4 %","34.3 %","68.8 %","50.6 %","70.9 %","91.8 %","84.3 %","47.1 %","61.8 %","7.9 %","33.5 %","35.7 %","30.8 %","11281"
"Andrew Benintendi","Red Sox","1.04","21.5 %","40.1 %","38.4 %","11.2 %","29.0 %","64.4 %","44.0 %","71.2 %","89.4 %","82.5 %","42.3 %","54.7 %","7.7 %","34.3 %","37.0 %","28.7 %","17901"
"Josh Harrison","Pirates","0.89","22.7 %","36.5 %","40.8 %","10.0 %","35.6 %","73.3 %","52.7 %","72.6 %","84.3 %","80.0 %","45.4 %","62.0 %","10.6 %","43.9 %","31.9 %","24.2 %","8202"
"Seth Smith","Orioles","1.28","23.0 %","43.3 %","33.7 %","15.3 %","27.1 %","57.2 %","41.0 %","67.7 %","87.7 %","80.5 %","45.9 %","55.8 %","8.0 %","42.1 %","35.7 %","22.2 %","7331"
"J.T. Realmuto","Marlins","1.39","17.9 %","47.8 %","34.3 %","11.6 %","32.5 %","65.4 %","48.3 %","69.1 %","89.3 %","82.2 %","48.0 %","61.5 %","8.6 %","46.6 %","35.2 %","18.2 %","11739"
"Matt Chapman","Athletics","0.66","16.0 %","33.5 %","50.5 %","13.9 %","26.6 %","61.9 %","42.7 %","56.2 %","81.8 %","73.2 %","45.7 %","62.3 %","11.5 %","34.5 %","38.5 %","27.0 %","16505"
"Boog Powell","- - -","1.29","18.4 %","46.0 %","35.6 %","9.7 %","21.7 %","55.8 %","38.3 %","71.4 %","85.7 %","81.6 %","48.7 %","54.8 %","7.1 %","27.8 %","37.8 %","34.4 %","15103"
"Dustin Pedroia","Red Sox","1.69","22.4 %","48.8 %","28.8 %","6.7 %","24.2 %","61.1 %","41.6 %","83.5 %","92.6 %","89.8 %","47.0 %","55.5 %","4.2 %","36.4 %","38.0 %","25.6 %","8370"
"Wilmer Flores","Mets","0.78","18.4 %","35.8 %","45.8 %","13.6 %","34.2 %","71.8 %","51.7 %","76.9 %","89.8 %","85.3 %","46.6 %","61.1 %","7.6 %","40.3 %","33.0 %","26.7 %","5827"
"Kevin Plawecki","Mets","1.78","23.8 %","48.8 %","27.4 %","13.0 %","27.6 %","69.4 %","47.0 %","62.0 %","87.7 %","79.6 %","46.4 %","54.2 %","9.6 %","41.7 %","42.9 %","15.5 %","13807"
"Johan Camargo","Braves","1.54","21.5 %","47.6 %","30.9 %","6.8 %","34.4 %","71.1 %","50.4 %","66.5 %","86.1 %","78.5 %","43.6 %","58.6 %","10.8 %","36.8 %","38.9 %","24.4 %","14950"
"Jon Jay","Cubs","1.97","29.0 %","47.1 %","23.9 %","2.9 %","37.6 %","68.6 %","51.4 %","68.7 %","90.4 %","81.6 %","44.6 %","64.7 %","9.4 %","28.3 %","36.5 %","35.2 %","5227"
"Curtis Granderson","- - -","0.67","18.6 %","32.6 %","48.8 %","16.3 %","21.6 %","57.4 %","38.2 %","65.3 %","90.2 %","82.6 %","46.2 %","57.5 %","6.6 %","48.6 %","34.0 %","17.3 %","4747"
"Scott Schebler","Reds","1.19","16.2 %","45.6 %","38.2 %","22.4 %","35.0 %","76.4 %","52.4 %","58.5 %","82.0 %","72.9 %","42.0 %","58.2 %","14.2 %","45.9 %","33.7 %","20.4 %","12225"
"Robbie Grossman","Twins","1.18","24.8 %","40.7 %","34.4 %","8.7 %","18.2 %","62.7 %","38.4 %","68.3 %","89.4 %","84.0 %","45.6 %","55.9 %","6.2 %","38.8 %","37.1 %","24.1 %","5254"
"Chase Headley","Yankees","1.37","24.9 %","43.5 %","31.7 %","9.9 %","25.9 %","67.8 %","44.3 %","58.6 %","84.6 %","76.1 %","43.9 %","59.4 %","10.6 %","38.2 %","33.3 %","28.4 %","4720"
"Andrew Toles","Dodgers","1.83","17.7 %","53.2 %","29.1 %","21.7 %","36.1 %","74.8 %","51.8 %","72.0 %","91.4 %","83.3 %","40.6 %","55.9 %","8.6 %","30.0 %","40.0 %","30.0 %","13414"
"Eric Young","Angels","2.14","14.3 %","58.4 %","27.3 %","19.0 %","25.4 %","75.1 %","50.7 %","61.1 %","78.3 %","74.1 %","50.9 %","59.2 %","13.1 %","43.9 %","34.2 %","22.0 %","7158"
"Salvador Perez","Royals","0.71","19.7 %","33.3 %","47.0 %","15.1 %","47.9 %","74.6 %","58.7 %","70.4 %","90.7 %","80.8 %","40.4 %","63.1 %","11.3 %","53.0 %","29.7 %","17.3 %","7304"
"Odubel Herrera","Phillies","1.27","21.3 %","44.1 %","34.7 %","10.2 %","40.0 %","70.7 %","53.0 %","63.5 %","84.1 %","75.2 %","42.5 %","63.4 %","13.2 %","30.9 %","38.1 %","31.1 %","11476"
"Joe Panik","Giants","1.29","21.9 %","44.0 %","34.1 %","6.4 %","24.5 %","64.9 %","43.3 %","78.3 %","95.0 %","89.9 %","46.6 %","57.8 %","4.4 %","36.1 %","36.8 %","27.1 %","11936"
"John Hicks","Tigers","1.72","19.7 %","50.8 %","29.5 %","16.7 %","40.8 %","79.4 %","57.8 %","60.2 %","74.4 %","68.8 %","44.0 %","65.3 %","18.0 %","52.9 %","25.2 %","22.0 %","12547"
"Matt Kemp","Braves","1.72","23.2 %","48.5 %","28.2 %","19.8 %","37.9 %","79.8 %","54.8 %","61.7 %","79.8 %","72.4 %","40.4 %","64.5 %","15.2 %","39.1 %","36.8 %","24.1 %","5631"
"Ender Inciarte","Braves","1.61","23.9 %","47.0 %","29.1 %","6.8 %","36.0 %","71.2 %","52.2 %","78.3 %","92.4 %","87.2 %","46.0 %","64.2 %","6.7 %","30.3 %","38.5 %","31.2 %","4922"
"Manny Machado","Orioles","1.00","15.8 %","42.1 %","42.1 %","15.1 %","32.7 %","71.2 %","48.9 %","67.4 %","87.3 %","79.6 %","42.2 %","59.3 %","10.0 %","41.6 %","33.6 %","24.8 %","11493"
"Yoan Moncada","White Sox","1.30","19.2 %","45.6 %","35.2 %","18.2 %","26.8 %","63.9 %","42.8 %","58.1 %","77.5 %","70.6 %","43.1 %","57.1 %","12.6 %","41.6 %","31.2 %","27.2 %","17232"
"Carlos Gonzalez","Rockies","1.53","19.7 %","48.6 %","31.7 %","12.4 %","34.2 %","72.3 %","49.9 %","52.4 %","82.6 %","70.4 %","41.1 %","54.9 %","14.7 %","41.5 %","38.1 %","20.5 %","7287"
"Adam Duvall","Reds","0.68","18.2 %","33.2 %","48.6 %","14.9 %","33.8 %","66.9 %","48.2 %","63.5 %","84.0 %","75.8 %","43.4 %","63.7 %","11.6 %","43.7 %","30.6 %","25.7 %","10950"
"Kyle Seager","Mariners","0.61","17.1 %","31.3 %","51.6 %","11.2 %","25.3 %","63.3 %","42.8 %","65.0 %","86.7 %","79.8 %","46.2 %","55.9 %","8.7 %","40.1 %","35.2 %","24.7 %","9785"
"David Freese","Pirates","2.52","20.4 %","57.0 %","22.6 %","14.1 %","26.8 %","62.3 %","43.4 %","65.3 %","85.4 %","78.8 %","46.6 %","60.6 %","9.2 %","25.8 %","43.3 %","30.9 %","9549"
"T.J. Rivera","Mets","0.89","25.0 %","35.3 %","39.7 %","6.8 %","36.4 %","72.7 %","52.7 %","69.9 %","88.2 %","81.3 %","45.0 %","68.4 %","9.9 %","43.8 %","36.8 %","19.5 %","12495"
"Chris Gimenez","Twins","1.00","25.8 %","37.1 %","37.1 %","15.2 %","26.5 %","60.0 %","41.8 %","60.3 %","81.4 %","74.1 %","45.6 %","57.3 %","10.8 %","53.9 %","31.3 %","14.8 %","7324"
"Mitch Moreland","Red Sox","1.20","20.4 %","43.4 %","36.2 %","15.5 %","30.2 %","69.3 %","46.4 %","59.8 %","85.6 %","75.7 %","41.5 %","53.7 %","11.3 %","37.2 %","36.1 %","26.7 %","3086"
"Javier Baez","Cubs","1.35","15.4 %","48.6 %","36.0 %","19.7 %","45.1 %","72.6 %","56.2 %","52.7 %","77.8 %","65.8 %","40.4 %","61.0 %","19.2 %","39.9 %","38.1 %","21.9 %","12979"
"Jacoby Ellsbury","Yankees","1.48","23.1 %","45.9 %","31.0 %","7.8 %","23.1 %","64.4 %","42.6 %","67.0 %","90.1 %","83.5 %","47.1 %","60.4 %","7.0 %","42.0 %","30.2 %","27.8 %","4727"
"Evan Gattis","Astros","0.87","20.9 %","36.8 %","42.3 %","11.2 %","35.2 %","68.0 %","49.2 %","67.1 %","88.3 %","79.6 %","42.8 %","60.9 %","10.0 %","44.3 %","30.8 %","24.9 %","11003"
"Denard Span","Giants","1.34","21.3 %","45.0 %","33.6 %","8.5 %","26.4 %","63.0 %","43.7 %","79.2 %","93.9 %","89.2 %","47.2 %","56.5 %","4.7 %","41.6 %","35.1 %","23.3 %","8347"
"Yasmani Grandal","Dodgers","1.09","16.5 %","43.5 %","40.0 %","17.7 %","31.6 %","65.2 %","46.4 %","60.6 %","83.0 %","74.4 %","43.8 %","57.3 %","11.9 %","41.7 %","33.7 %","24.7 %","11368"
"Brandon Drury","Diamondbacks","1.66","21.8 %","48.8 %","29.4 %","12.9 %","30.8 %","62.5 %","45.4 %","61.2 %","88.0 %","78.2 %","46.0 %","62.7 %","9.9 %","39.2 %","34.6 %","26.2 %","11615"
"Russell Martin","Blue Jays","1.71","23.7 %","48.2 %","28.1 %","20.6 %","19.5 %","62.1 %","40.0 %","61.3 %","82.8 %","77.4 %","48.3 %","63.0 %","9.1 %","40.0 %","37.3 %","22.7 %","4616"
"Derek Dietrich","Marlins","0.90","22.8 %","36.5 %","40.7 %","10.2 %","29.9 %","65.9 %","46.5 %","65.7 %","90.1 %","81.6 %","45.9 %","55.8 %","8.6 %","40.7 %","36.5 %","22.8 %","10542"
"Drew Robinson","Rangers","1.30","18.5 %","46.2 %","35.4 %","26.1 %","26.5 %","70.8 %","46.2 %","46.3 %","82.6 %","71.0 %","44.6 %","66.1 %","13.4 %","46.2 %","27.7 %","26.2 %","11761"
"Jorge Bonifacio","Royals","1.13","25.8 %","39.3 %","34.8 %","18.3 %","31.5 %","78.6 %","52.7 %","51.2 %","80.3 %","70.8 %","45.0 %","62.1 %","15.4 %","35.6 %","37.1 %","27.3 %","12174"
"Andrelton Simmons","Angels","1.57","19.0 %","49.5 %","31.5 %","8.4 %","27.7 %","65.9 %","45.9 %","79.9 %","91.5 %","87.8 %","47.5 %","64.6 %","5.6 %","45.3 %","34.2 %","20.6 %","10847"
"Manny Pina","Brewers","0.82","23.2 %","34.6 %","42.1 %","8.4 %","33.3 %","72.6 %","50.5 %","64.6 %","88.3 %","79.4 %","43.6 %","59.1 %","10.4 %","44.7 %","31.8 %","23.5 %","2829"
"Steve Pearce","Blue Jays","1.07","21.4 %","40.7 %","37.9 %","13.8 %","28.6 %","72.1 %","47.5 %","64.4 %","87.4 %","79.6 %","43.4 %","61.5 %","9.7 %","42.3 %","34.7 %","23.0 %","9957"
"Brian McCann","Astros","1.00","17.0 %","41.5 %","41.5 %","14.8 %","27.1 %","62.6 %","43.0 %","75.1 %","89.6 %","84.6 %","44.8 %","53.9 %","6.6 %","46.3 %","33.1 %","20.6 %","4810"
"Kennys Vargas","Twins","1.51","19.4 %","48.5 %","32.1 %","20.8 %","29.8 %","65.2 %","45.4 %","47.6 %","85.4 %","71.5 %","44.1 %","59.1 %","12.9 %","38.8 %","37.0 %","24.2 %","12101"
"Austin Slater","Giants","2.45","13.6 %","61.4 %","25.0 %","13.6 %","28.9 %","68.5 %","47.0 %","45.2 %","89.0 %","74.4 %","45.7 %","63.8 %","12.0 %","28.4 %","42.1 %","29.6 %","16153"
"Trevor Story","Rockies","0.70","18.4 %","33.7 %","47.9 %","16.2 %","30.9 %","69.0 %","48.0 %","53.0 %","79.9 %","70.4 %","44.9 %","63.6 %","14.2 %","38.3 %","37.4 %","24.3 %","12564"
"Adam Frazier","Pirates","1.79","25.4 %","47.9 %","26.8 %","6.4 %","27.2 %","65.7 %","45.7 %","75.8 %","92.8 %","87.5 %","48.0 %","58.2 %","5.7 %","32.3 %","32.9 %","34.8 %","15223"
"Raimel Tapia","Rockies","1.44","28.5 %","42.3 %","29.3 %","5.6 %","45.6 %","73.7 %","57.6 %","71.9 %","85.5 %","79.3 %","42.7 %","67.8 %","11.9 %","40.8 %","35.2 %","24.0 %","14350"
"Joc Pederson","Dodgers","1.35","18.9 %","46.6 %","34.5 %","15.5 %","24.9 %","67.2 %","43.1 %","63.7 %","84.7 %","77.8 %","43.0 %","51.4 %","9.6 %","48.5 %","30.1 %","21.4 %","11899"
"Xander Bogaerts","Red Sox","1.60","20.6 %","48.9 %","30.5 %","7.2 %","32.8 %","53.0 %","41.9 %","67.5 %","89.9 %","80.3 %","44.9 %","62.2 %","8.3 %","40.8 %","33.3 %","25.9 %","12161"
"Omar Narvaez","White Sox","1.53","27.7 %","43.7 %","28.6 %","3.4 %","22.6 %","69.3 %","43.5 %","73.3 %","92.5 %","87.0 %","44.7 %","57.6 %","5.7 %","34.1 %","33.2 %","32.7 %","13338"
"Andrew Knapp","Phillies","2.46","17.1 %","59.0 %","23.9 %","10.7 %","22.9 %","66.3 %","42.0 %","53.3 %","82.4 %","73.5 %","43.9 %","56.9 %","11.1 %","41.9 %","34.2 %","23.9 %","14942"
"Nick Markakis","Braves","1.66","22.2 %","48.6 %","29.2 %","5.6 %","25.4 %","59.3 %","40.7 %","78.4 %","90.9 %","86.6 %","45.1 %","56.6 %","5.5 %","33.3 %","36.6 %","30.0 %","5930"
"Matt Holliday","Yankees","1.27","14.8 %","47.7 %","37.5 %","19.2 %","27.5 %","65.3 %","44.4 %","52.1 %","83.6 %","72.8 %","44.7 %","60.0 %","12.1 %","38.6 %","29.6 %","31.8 %","1873"
"Eduardo Escobar","Twins","0.74","21.0 %","33.7 %","45.3 %","12.8 %","35.7 %","71.5 %","52.3 %","66.1 %","87.4 %","79.6 %","46.5 %","62.1 %","10.7 %","41.1 %","33.1 %","25.9 %","6153"
"Ryon Healy","Athletics","1.12","19.1 %","42.8 %","38.2 %","15.1 %","35.8 %","62.9 %","47.5 %","58.9 %","86.5 %","74.7 %","43.3 %","58.2 %","12.0 %","41.1 %","36.0 %","22.9 %","15447"
"Kendrys Morales","Blue Jays","1.46","18.5 %","48.4 %","33.2 %","19.7 %","35.7 %","70.1 %","49.6 %","61.7 %","81.5 %","73.0 %","40.4 %","59.5 %","13.4 %","41.8 %","32.0 %","26.2 %","8610"
"Yasmany Tomas","Diamondbacks","1.45","20.5 %","47.0 %","32.5 %","21.1 %","37.8 %","75.2 %","52.6 %","52.3 %","83.8 %","70.1 %","39.6 %","62.8 %","15.7 %","37.6 %","35.9 %","26.5 %","17171"
"Melky Cabrera","- - -","1.69","22.1 %","48.9 %","29.0 %","10.6 %","32.1 %","64.3 %","46.1 %","79.3 %","95.1 %","88.9 %","43.5 %","58.6 %","5.1 %","38.8 %","35.9 %","25.3 %","4022"
"Ketel Marte","Diamondbacks","1.32","20.7 %","45.1 %","34.2 %","7.9 %","31.6 %","65.8 %","46.8 %","73.5 %","91.0 %","84.4 %","44.5 %","67.1 %","7.3 %","35.1 %","39.4 %","25.5 %","13613"
"Miguel Rojas","Marlins","1.81","25.3 %","48.1 %","26.6 %","1.6 %","34.1 %","65.8 %","48.4 %","73.7 %","95.2 %","86.9 %","45.3 %","61.8 %","6.3 %","28.4 %","38.7 %","32.9 %","7802"
"Yunel Escobar","Angels","2.42","17.7 %","58.2 %","24.1 %","9.7 %","26.9 %","69.8 %","46.9 %","61.3 %","91.9 %","82.6 %","46.8 %","57.7 %","8.2 %","37.1 %","40.8 %","22.1 %","4191"
"Hanley Ramirez","Red Sox","1.13","21.1 %","41.8 %","37.1 %","16.3 %","32.6 %","69.6 %","48.0 %","60.0 %","85.8 %","75.6 %","41.8 %","62.0 %","11.7 %","42.6 %","35.0 %","22.4 %","8001"
"Christian Vazquez","Red Sox","1.68","24.9 %","47.1 %","28.0 %","6.8 %","32.2 %","57.5 %","44.3 %","76.0 %","88.7 %","83.8 %","47.6 %","58.8 %","7.2 %","29.1 %","37.6 %","33.3 %","9774"
"Daniel Descalso","Diamondbacks","0.90","17.9 %","38.9 %","43.2 %","9.0 %","20.4 %","63.9 %","40.4 %","58.1 %","85.6 %","78.1 %","46.1 %","57.3 %","8.9 %","43.6 %","34.6 %","21.8 %","8392"
"Nomar Mazara","Rangers","1.36","19.3 %","46.5 %","34.2 %","13.6 %","32.9 %","65.4 %","46.1 %","62.8 %","85.1 %","75.7 %","40.7 %","55.0 %","11.2 %","35.4 %","38.8 %","25.8 %","14553"
"Leury Garcia","White Sox","2.29","20.6 %","55.3 %","24.1 %","16.4 %","35.2 %","74.9 %","54.4 %","65.4 %","85.6 %","78.8 %","48.3 %","66.3 %","11.5 %","39.0 %","36.0 %","25.0 %","5913"
"John Jaso","Pirates","0.71","19.4 %","33.5 %","47.1 %","11.1 %","21.5 %","71.1 %","45.3 %","57.9 %","83.1 %","76.9 %","48.0 %","58.3 %","10.5 %","47.1 %","34.0 %","18.9 %","5887"
"Tucker Barnhart","Reds","1.65","26.2 %","46.0 %","27.8 %","8.3 %","27.3 %","72.1 %","47.7 %","65.9 %","89.7 %","82.3 %","45.5 %","60.5 %","8.4 %","40.3 %","38.7 %","21.0 %","10200"
"Greg Garcia","Cardinals","2.21","30.3 %","48.0 %","21.7 %","5.3 %","17.1 %","61.3 %","39.1 %","53.9 %","88.9 %","81.2 %","49.8 %","56.9 %","7.4 %","29.5 %","38.8 %","31.7 %","10951"
"Chase Utley","Dodgers","1.13","18.5 %","43.3 %","38.2 %","8.2 %","21.4 %","56.0 %","38.1 %","75.2 %","90.7 %","86.2 %","48.4 %","60.3 %","5.3 %","45.1 %","29.0 %","25.9 %","1679"
"Chad Pinder","Athletics","1.03","19.2 %","40.9 %","39.9 %","19.5 %","31.7 %","74.4 %","51.7 %","48.0 %","83.8 %","72.1 %","46.7 %","63.8 %","14.4 %","34.2 %","38.3 %","27.5 %","15191"
"Matt Szczur","- - -","0.91","18.7 %","38.7 %","42.7 %","4.7 %","23.3 %","67.1 %","43.3 %","69.5 %","84.6 %","80.2 %","45.7 %","62.0 %","8.6 %","41.3 %","31.6 %","27.1 %","11255"
"C.J. Cron","Angels","0.73","22.8 %","32.5 %","44.7 %","14.5 %","37.7 %","70.2 %","52.2 %","59.6 %","84.6 %","74.7 %","44.8 %","64.3 %","13.2 %","47.2 %","30.9 %","22.0 %","12546"
"Luke Voit","Cardinals","1.43","18.1 %","48.2 %","33.7 %","14.3 %","33.0 %","76.7 %","51.9 %","63.2 %","78.7 %","73.1 %","43.4 %","62.9 %","14.0 %","41.0 %","39.8 %","19.3 %","14811"
"James McCann","Tigers","1.10","28.2 %","37.6 %","34.2 %","14.3 %","35.4 %","68.2 %","50.3 %","61.1 %","87.7 %","77.5 %","45.4 %","61.6 %","11.3 %","43.8 %","27.7 %","28.5 %","12859"
"Hunter Renfroe","Padres","0.83","16.7 %","37.9 %","45.4 %","18.7 %","33.5 %","68.2 %","48.1 %","57.1 %","76.8 %","68.8 %","42.0 %","61.0 %","15.0 %","50.0 %","31.1 %","19.0 %","15464"
"Brandon Phillips","- - -","1.75","22.2 %","49.5 %","28.3 %","9.2 %","41.8 %","74.8 %","56.1 %","68.8 %","90.2 %","81.2 %","43.3 %","64.6 %","10.6 %","33.1 %","33.9 %","33.1 %","791"
"Yadier Molina","Cardinals","1.13","20.4 %","42.2 %","37.4 %","11.0 %","37.8 %","69.3 %","52.6 %","77.4 %","86.0 %","82.7 %","46.8 %","63.0 %","9.1 %","42.6 %","32.5 %","24.9 %","7007"
"Randal Grichuk","Cardinals","0.84","21.4 %","35.9 %","42.7 %","18.3 %","35.4 %","70.8 %","51.2 %","57.3 %","83.2 %","73.4 %","44.9 %","64.0 %","13.7 %","51.3 %","27.8 %","21.0 %","10243"
"Ben Gamel","Mariners","1.35","21.8 %","44.9 %","33.3 %","8.5 %","28.4 %","63.2 %","44.7 %","66.2 %","88.3 %","80.8 %","46.8 %","59.5 %","8.6 %","34.3 %","35.0 %","30.7 %","12160"
"Francisco Cervelli","Pirates","1.93","20.6 %","52.3 %","27.1 %","9.3 %","21.0 %","63.2 %","41.3 %","58.3 %","84.0 %","77.2 %","48.0 %","58.9 %","9.4 %","42.3 %","31.8 %","25.9 %","5275"
"Jason Castro","Twins","1.25","24.6 %","41.9 %","33.5 %","12.0 %","21.7 %","68.7 %","44.6 %","53.6 %","78.4 %","72.2 %","48.8 %","57.5 %","12.4 %","34.4 %","37.2 %","28.4 %","8722"
"Delino DeShields","Rangers","1.30","20.2 %","45.1 %","34.8 %","6.8 %","22.2 %","56.8 %","39.0 %","53.6 %","89.0 %","78.6 %","48.6 %","64.6 %","8.3 %","39.4 %","31.0 %","29.6 %","11379"
"Max Kepler","Twins","1.08","17.6 %","42.8 %","39.5 %","12.1 %","28.5 %","60.7 %","43.0 %","59.9 %","89.9 %","78.9 %","45.0 %","56.2 %","9.1 %","43.9 %","31.2 %","24.9 %","12144"
"Nori Aoki","- - -","2.27","17.2 %","57.4 %","25.3 %","6.7 %","25.6 %","67.7 %","46.0 %","71.5 %","93.3 %","87.0 %","48.4 %","61.0 %","6.0 %","26.9 %","41.3 %","31.9 %","13075"
"Kole Calhoun","Angels","1.25","21.1 %","43.9 %","35.0 %","12.3 %","29.5 %","72.1 %","47.8 %","59.1 %","85.7 %","76.4 %","43.0 %","59.9 %","11.3 %","44.7 %","32.4 %","22.9 %","11200"
"Craig Gentry","Orioles","1.90","21.6 %","51.4 %","27.0 %","10.0 %","26.6 %","65.7 %","43.8 %","62.7 %","88.5 %","79.7 %","44.0 %","60.7 %","8.9 %","39.5 %","40.7 %","19.8 %","9571"
"Marcus Semien","Athletics","0.89","20.5 %","37.5 %","42.1 %","9.2 %","26.0 %","67.5 %","44.7 %","59.0 %","85.3 %","76.9 %","45.1 %","58.0 %","10.3 %","43.3 %","33.7 %","23.0 %","12533"
"Chris Owings","Diamondbacks","1.19","21.8 %","42.5 %","35.6 %","12.2 %","40.4 %","74.0 %","55.5 %","61.5 %","89.9 %","78.5 %","45.0 %","64.3 %","11.9 %","39.2 %","32.7 %","28.1 %","10030"
"Cory Spangenberg","Padres","1.77","22.8 %","49.3 %","27.8 %","15.5 %","32.5 %","67.5 %","48.7 %","58.3 %","83.5 %","74.5 %","46.2 %","66.5 %","12.4 %","42.3 %","32.3 %","25.4 %","12294"
"Yolmer Sanchez","White Sox","1.31","21.6 %","44.5 %","33.9 %","9.4 %","34.8 %","67.8 %","49.9 %","66.1 %","85.1 %","77.9 %","45.8 %","65.5 %","11.0 %","33.3 %","36.7 %","30.0 %","11602"
"Jackie Bradley Jr.","Red Sox","1.50","18.4 %","49.0 %","32.6 %","14.5 %","30.0 %","67.9 %","47.1 %","60.7 %","78.7 %","72.4 %","45.0 %","54.2 %","13.0 %","41.9 %","33.6 %","24.4 %","12984"
"Miguel Cabrera","Tigers","1.21","27.3 %","39.8 %","32.9 %","13.4 %","32.2 %","73.5 %","50.3 %","63.8 %","86.2 %","78.1 %","43.9 %","60.7 %","11.0 %","32.0 %","36.5 %","31.5 %","1744"
"Stephen Piscotty","Cardinals","1.48","17.6 %","49.2 %","33.2 %","10.6 %","29.5 %","68.9 %","46.8 %","63.3 %","84.9 %","77.3 %","44.0 %","63.3 %","10.6 %","44.8 %","29.6 %","25.7 %","13367"
"Ian Kinsler","Tigers","0.71","20.6 %","32.9 %","46.5 %","10.2 %","27.2 %","65.5 %","44.3 %","73.6 %","92.5 %","86.1 %","44.6 %","61.2 %","6.2 %","38.9 %","34.8 %","26.2 %","6195"
"Evan Longoria","Rays","1.18","19.8 %","43.4 %","36.8 %","10.5 %","34.9 %","69.4 %","49.8 %","71.3 %","87.4 %","81.0 %","43.1 %","62.8 %","9.5 %","42.8 %","32.0 %","25.2 %","9368"
"Jose Reyes","Mets","0.86","19.7 %","37.2 %","43.1 %","8.2 %","30.6 %","62.8 %","45.0 %","70.7 %","91.1 %","83.4 %","44.7 %","61.5 %","7.5 %","41.6 %","36.1 %","22.3 %","1736"
"Jim Adduci","Tigers","1.71","16.4 %","52.7 %","30.9 %","5.9 %","34.8 %","72.5 %","50.4 %","64.6 %","87.1 %","78.0 %","41.3 %","55.9 %","11.1 %","23.2 %","35.7 %","41.1 %","6448"
"Dee Gordon","Marlins","2.93","22.8 %","57.6 %","19.6 %","1.9 %","36.6 %","67.8 %","52.2 %","77.9 %","91.6 %","86.8 %","50.0 %","65.0 %","6.9 %","30.0 %","36.8 %","33.2 %","8203"
"Chris Davis","Orioles","0.92","23.5 %","36.7 %","39.8 %","24.8 %","29.7 %","60.0 %","42.8 %","47.9 %","79.0 %","66.7 %","43.0 %","61.6 %","14.3 %","44.2 %","34.0 %","21.9 %","9272"
"Devin Mesoraco","Reds","1.05","19.2 %","41.3 %","39.4 %","14.6 %","32.3 %","68.6 %","48.4 %","60.0 %","84.9 %","75.7 %","44.6 %","61.2 %","11.8 %","47.1 %","36.5 %","16.4 %","5666"
"Starling Marte","Pirates","1.65","21.0 %","49.2 %","29.8 %","9.9 %","33.0 %","68.1 %","49.5 %","61.7 %","87.9 %","78.7 %","47.0 %","67.0 %","10.6 %","36.3 %","33.9 %","29.8 %","9241"
"Byron Buxton","Twins","1.02","23.2 %","38.7 %","38.0 %","14.2 %","31.1 %","67.0 %","48.3 %","51.1 %","82.1 %","71.7 %","47.8 %","61.8 %","13.7 %","47.3 %","32.9 %","19.8 %","14161"
"Yangervis Solarte","Padres","0.99","16.4 %","41.6 %","42.1 %","10.5 %","34.5 %","72.7 %","51.4 %","74.4 %","92.1 %","85.5 %","44.4 %","63.1 %","7.5 %","42.3 %","35.9 %","21.8 %","5352"
"Jonathan Lucroy","- - -","1.91","18.6 %","53.5 %","27.9 %","5.7 %","25.3 %","58.3 %","41.7 %","81.1 %","94.4 %","90.4 %","49.6 %","60.7 %","4.0 %","30.3 %","38.8 %","30.9 %","7870"
"Jayson Werth","Nationals","0.94","17.9 %","39.7 %","42.4 %","12.8 %","22.9 %","55.7 %","38.7 %","60.0 %","88.8 %","79.9 %","48.0 %","60.9 %","7.8 %","45.1 %","31.5 %","23.4 %","1327"
"Jason Heyward","Cubs","1.45","19.9 %","47.4 %","32.7 %","9.2 %","28.6 %","69.7 %","46.4 %","72.1 %","91.4 %","84.7 %","43.3 %","60.9 %","7.1 %","46.3 %","33.9 %","19.8 %","4940"
"Danny Valencia","Mariners","1.55","21.1 %","47.9 %","31.0 %","14.4 %","29.6 %","58.9 %","42.9 %","54.6 %","82.4 %","71.9 %","45.4 %","56.0 %","12.1 %","37.8 %","37.5 %","24.7 %","6364"
"Enrique Hernandez","Dodgers","1.05","18.7 %","41.6 %","39.7 %","12.6 %","27.0 %","70.8 %","46.7 %","60.7 %","82.5 %","75.6 %","45.2 %","61.4 %","11.4 %","46.2 %","30.8 %","23.1 %","10472"
"Rene Rivera","- - -","0.91","25.0 %","35.8 %","39.2 %","17.2 %","39.9 %","73.4 %","55.2 %","54.2 %","78.8 %","69.2 %","45.6 %","65.0 %","17.0 %","48.0 %","25.3 %","26.7 %","3648"
"Chris Young","Red Sox","0.78","19.0 %","35.4 %","45.5 %","8.1 %","21.4 %","62.2 %","39.2 %","67.9 %","87.7 %","81.6 %","43.6 %","62.7 %","7.2 %","52.4 %","31.8 %","15.9 %","3882"
"Manuel Margot","Padres","1.12","23.2 %","40.5 %","36.3 %","9.4 %","29.0 %","63.9 %","45.5 %","65.1 %","89.2 %","81.1 %","47.3 %","64.5 %","8.6 %","27.7 %","40.4 %","31.9 %","14712"
"Orlando Arcia","Brewers","1.81","19.9 %","51.6 %","28.5 %","12.9 %","38.7 %","73.7 %","54.0 %","61.4 %","85.7 %","75.9 %","43.8 %","64.1 %","13.0 %","34.6 %","40.4 %","25.1 %","13185"
"Jorge Polanco","Twins","0.89","19.3 %","37.9 %","42.8 %","7.4 %","26.9 %","61.0 %","43.1 %","74.2 %","92.5 %","86.5 %","47.6 %","59.6 %","5.8 %","44.2 %","33.8 %","22.0 %","13152"
"Brian Anderson","Marlins","2.15","28.1 %","49.1 %","22.8 %","0.0 %","30.9 %","67.7 %","46.6 %","58.8 %","81.1 %","72.6 %","42.7 %","60.0 %","12.8 %","35.1 %","43.9 %","21.1 %","18289"
"Luis Valbuena","Angels","0.81","14.3 %","38.4 %","47.3 %","19.0 %","24.7 %","67.2 %","44.0 %","58.7 %","79.2 %","72.9 %","45.4 %","53.9 %","11.9 %","42.3 %","29.7 %","28.1 %","4969"
"Jordy Mercer","Pirates","1.56","20.8 %","48.3 %","30.9 %","10.9 %","26.2 %","59.8 %","41.8 %","72.2 %","91.8 %","85.3 %","46.6 %","55.2 %","6.2 %","39.9 %","39.2 %","20.9 %","6547"
"Gregor Blanco","Diamondbacks","1.21","22.0 %","42.8 %","35.2 %","5.4 %","18.8 %","61.0 %","39.6 %","56.2 %","89.2 %","81.3 %","49.4 %","59.4 %","7.4 %","33.7 %","38.6 %","27.7 %","3123"
"Travis d'Arnaud","Mets","1.03","16.8 %","42.1 %","41.1 %","13.3 %","32.5 %","73.7 %","52.2 %","66.0 %","84.0 %","78.1 %","47.7 %","64.4 %","11.4 %","35.3 %","36.3 %","28.4 %","7739"
"Keon Broxton","Brewers","1.30","20.3 %","45.1 %","34.6 %","24.4 %","27.0 %","70.1 %","45.9 %","50.2 %","67.3 %","61.6 %","43.8 %","65.2 %","17.6 %","36.5 %","35.7 %","27.8 %","9253"
"Devon Travis","Blue Jays","1.02","26.4 %","37.2 %","36.5 %","9.3 %","31.3 %","65.2 %","47.1 %","67.2 %","91.6 %","83.0 %","46.6 %","54.8 %","8.0 %","34.2 %","32.9 %","32.9 %","13862"
"Yan Gomes","Indians","0.97","17.4 %","40.7 %","41.9 %","13.9 %","34.8 %","71.6 %","52.3 %","59.4 %","80.7 %","73.3 %","47.7 %","64.5 %","14.0 %","43.9 %","32.4 %","23.8 %","9627"
"Logan Forsythe","Dodgers","1.33","23.0 %","44.0 %","33.1 %","7.1 %","16.2 %","51.2 %","32.5 %","63.5 %","85.8 %","79.8 %","46.4 %","57.2 %","6.6 %","30.0 %","42.8 %","27.2 %","7185"
"Carlos Asuaje","Padres","1.13","23.9 %","40.4 %","35.7 %","4.9 %","25.8 %","67.6 %","46.2 %","71.0 %","85.6 %","81.4 %","48.6 %","61.5 %","8.6 %","45.6 %","32.1 %","22.4 %","15197"
"Wilson Ramos","Rays","1.72","17.7 %","52.0 %","30.3 %","20.8 %","40.3 %","73.9 %","55.6 %","67.1 %","88.4 %","80.0 %","45.4 %","67.9 %","11.1 %","46.3 %","32.6 %","21.1 %","1433"
"Yandy Diaz","Indians","3.13","22.1 %","59.0 %","18.9 %","0.0 %","15.6 %","65.7 %","38.9 %","65.0 %","88.6 %","83.6 %","46.6 %","59.8 %","6.4 %","24.6 %","39.3 %","36.1 %","16578"
"Tommy Joseph","Phillies","1.07","19.2 %","41.7 %","39.0 %","15.3 %","36.0 %","67.4 %","49.6 %","59.8 %","85.5 %","74.9 %","43.4 %","61.4 %","12.4 %","44.2 %","33.1 %","22.8 %","10349"
"Jaycob Brugman","Athletics","1.75","26.0 %","47.1 %","26.9 %","10.7 %","28.5 %","62.7 %","43.0 %","60.2 %","88.0 %","77.4 %","42.4 %","60.5 %","9.7 %","36.8 %","40.6 %","22.6 %","14936"
"Addison Russell","Cubs","1.09","23.0 %","40.2 %","36.8 %","12.5 %","32.2 %","69.9 %","49.9 %","59.8 %","82.1 %","74.5 %","46.9 %","59.7 %","12.7 %","41.0 %","33.7 %","25.3 %","14106"
"Ian Desmond","Rockies","3.02","16.5 %","62.7 %","20.8 %","13.2 %","29.4 %","68.9 %","47.6 %","56.2 %","83.3 %","74.3 %","46.2 %","60.9 %","12.2 %","36.1 %","38.8 %","25.2 %","6885"
"Cameron Rupp","Phillies","1.35","15.9 %","48.4 %","35.7 %","21.5 %","27.8 %","67.6 %","45.6 %","54.0 %","73.4 %","66.8 %","44.6 %","62.2 %","15.1 %","36.3 %","40.7 %","23.1 %","11146"
"Shane Peterson","Rays","1.17","15.3 %","45.8 %","39.0 %","8.7 %","31.1 %","80.0 %","55.4 %","57.7 %","78.0 %","72.3 %","49.7 %","73.9 %","15.4 %","42.4 %","33.9 %","23.7 %","7423"
"Ryan Schimpf","Padres","0.31","16.5 %","19.6 %","63.9 %","22.6 %","20.7 %","60.2 %","38.1 %","60.2 %","81.7 %","75.2 %","44.0 %","57.4 %","9.5 %","47.4 %","24.7 %","27.8 %","9953"
"Jabari Blash","Padres","0.93","22.2 %","37.4 %","40.4 %","12.5 %","20.4 %","73.1 %","44.9 %","38.6 %","67.6 %","60.6 %","46.5 %","58.0 %","17.7 %","39.4 %","37.4 %","23.2 %","11247"
"Gregory Bird","Yankees","0.58","17.9 %","30.2 %","51.9 %","16.4 %","20.4 %","68.8 %","42.9 %","49.4 %","78.9 %","71.4 %","46.5 %","63.5 %","12.3 %","48.6 %","27.1 %","24.3 %","14131"
"Patrick Kivlehan","Reds","1.16","17.8 %","44.1 %","38.1 %","20.0 %","30.0 %","68.8 %","46.2 %","51.4 %","79.0 %","68.6 %","41.7 %","60.8 %","14.5 %","38.1 %","37.3 %","24.6 %","13910"
"Hunter Pence","Giants","1.95","13.4 %","57.2 %","29.4 %","11.2 %","29.8 %","65.6 %","44.9 %","61.0 %","83.5 %","74.8 %","42.0 %","60.5 %","11.3 %","29.9 %","41.8 %","28.4 %","8252"
"Victor Martinez","Tigers","1.23","23.6 %","42.1 %","34.2 %","8.8 %","30.0 %","67.6 %","46.7 %","75.5 %","90.5 %","85.1 %","44.3 %","58.6 %","6.9 %","42.6 %","30.5 %","26.9 %","393"
"J.P. Crawford","Phillies","0.71","26.5 %","30.6 %","42.9 %","0.0 %","25.5 %","59.4 %","41.0 %","62.5 %","86.5 %","78.4 %","46.0 %","52.9 %","8.9 %","28.6 %","30.6 %","40.8 %","15491"
"Kevin Pillar","Blue Jays","1.18","20.4 %","43.1 %","36.4 %","8.9 %","40.1 %","67.0 %","51.9 %","72.5 %","94.2 %","84.8 %","44.0 %","63.9 %","7.9 %","40.2 %","34.9 %","24.9 %","12434"
"Mike Napoli","Rangers","0.64","14.7 %","33.2 %","52.1 %","21.0 %","27.0 %","64.1 %","43.2 %","50.2 %","77.0 %","67.5 %","43.6 %","53.4 %","14.0 %","52.1 %","32.1 %","15.9 %","3057"
"Dusty Coleman","Padres","0.77","30.3 %","30.3 %","39.4 %","30.8 %","31.8 %","69.0 %","51.7 %","40.0 %","75.0 %","65.0 %","53.5 %","62.0 %","18.1 %","32.4 %","52.9 %","14.7 %","8979"
"Ehire Adrianza","Twins","1.04","20.0 %","40.7 %","39.3 %","3.6 %","21.6 %","65.0 %","42.5 %","78.8 %","93.8 %","89.8 %","48.3 %","61.8 %","4.3 %","41.7 %","34.0 %","24.3 %","8418"
"Ben Zobrist","Cubs","1.53","15.6 %","51.1 %","33.3 %","9.8 %","23.4 %","57.5 %","39.3 %","74.1 %","93.1 %","87.0 %","46.5 %","60.1 %","5.1 %","49.9 %","32.5 %","17.6 %","7435"
"Willy Garcia","White Sox","1.46","15.8 %","50.0 %","34.2 %","7.7 %","28.0 %","66.3 %","43.4 %","53.8 %","81.3 %","70.7 %","40.3 %","55.5 %","12.7 %","36.4 %","36.4 %","27.3 %","12956"
"Brandon Crawford","Giants","1.35","19.4 %","46.2 %","34.4 %","9.9 %","31.0 %","76.6 %","51.2 %","58.1 %","82.8 %","74.5 %","44.3 %","59.0 %","13.1 %","38.9 %","33.1 %","28.0 %","5343"
"Kaleb Cowart","Angels","1.36","19.2 %","46.6 %","34.2 %","12.0 %","30.1 %","70.6 %","47.2 %","49.4 %","86.4 %","72.7 %","42.2 %","59.8 %","12.9 %","35.5 %","40.8 %","23.7 %","11494"
"Brandon Moss","Royals","0.74","22.5 %","33.1 %","44.5 %","21.0 %","29.9 %","71.8 %","48.2 %","50.2 %","75.7 %","66.8 %","43.8 %","59.9 %","16.0 %","53.0 %","25.9 %","21.2 %","4467"
"Mallex Smith","Rays","1.82","22.0 %","50.3 %","27.7 %","4.1 %","29.0 %","66.6 %","46.3 %","50.9 %","82.2 %","71.6 %","46.0 %","63.1 %","13.2 %","37.1 %","24.4 %","38.6 %","13608"
"Cameron Maybin","- - -","2.07","14.4 %","57.7 %","27.9 %","12.0 %","21.7 %","57.0 %","37.2 %","55.6 %","88.5 %","77.8 %","44.0 %","59.6 %","8.3 %","38.9 %","34.3 %","26.7 %","5223"
"Nick Ahmed","Diamondbacks","1.49","20.3 %","47.7 %","32.0 %","14.6 %","36.8 %","68.9 %","52.2 %","52.5 %","85.9 %","73.6 %","47.8 %","68.0 %","13.8 %","42.2 %","35.9 %","21.9 %","12147"
"Jason Kipnis","Indians","0.82","19.6 %","36.3 %","44.1 %","10.1 %","29.3 %","63.9 %","45.8 %","63.1 %","88.6 %","80.1 %","47.6 %","59.3 %","9.1 %","39.7 %","33.1 %","27.2 %","9776"
"Kevan Smith","White Sox","2.44","19.5 %","57.1 %","23.4 %","7.4 %","36.7 %","73.4 %","54.3 %","68.3 %","88.3 %","81.3 %","47.9 %","67.4 %","10.2 %","33.2 %","32.8 %","34.0 %","12284"
"Stephen Vogt","- - -","0.87","18.7 %","37.8 %","43.6 %","12.2 %","34.1 %","58.8 %","44.7 %","75.1 %","90.4 %","83.7 %","42.8 %","60.4 %","7.3 %","40.3 %","33.2 %","26.6 %","5000"
"Bradley Zimmer","Indians","1.51","20.3 %","47.9 %","31.8 %","13.1 %","27.9 %","69.7 %","46.9 %","47.5 %","81.4 %","70.4 %","45.5 %","58.1 %","13.9 %","37.9 %","36.0 %","26.1 %","16221"
"Caleb Joseph","Orioles","1.56","24.2 %","46.2 %","29.7 %","14.8 %","34.1 %","66.7 %","49.4 %","65.6 %","82.6 %","76.4 %","46.9 %","64.7 %","11.7 %","36.6 %","38.3 %","25.1 %","7087"
"Jarrett Parker","Giants","1.49","13.4 %","51.8 %","34.8 %","10.3 %","21.4 %","72.4 %","45.0 %","47.1 %","83.4 %","74.1 %","46.2 %","57.6 %","11.7 %","38.4 %","37.5 %","24.1 %","11624"
"Clint Frazier","Yankees","0.85","17.4 %","38.0 %","44.6 %","9.8 %","27.2 %","75.5 %","48.9 %","42.4 %","89.5 %","75.0 %","44.8 %","60.6 %","12.2 %","41.3 %","34.8 %","23.9 %","15983"
"Abraham Almonte","Indians","1.91","22.0 %","51.2 %","26.8 %","8.8 %","28.6 %","70.3 %","47.2 %","59.8 %","84.2 %","76.0 %","44.6 %","63.1 %","11.3 %","45.3 %","32.8 %","21.9 %","5486"
"Hernan Perez","Brewers","1.44","18.2 %","48.3 %","33.5 %","11.9 %","41.3 %","65.3 %","52.0 %","70.1 %","86.4 %","79.3 %","44.7 %","65.3 %","10.8 %","39.3 %","35.7 %","25.1 %","5751"
"Freddy Galvis","Phillies","0.94","24.1 %","36.7 %","39.2 %","6.3 %","33.1 %","67.0 %","48.4 %","74.8 %","90.0 %","84.3 %","45.1 %","58.4 %","7.6 %","36.6 %","32.4 %","31.0 %","6609"
"Gregory Polanco","Pirates","1.13","20.3 %","42.2 %","37.5 %","9.2 %","34.4 %","70.5 %","49.8 %","67.1 %","91.8 %","82.1 %","42.8 %","61.8 %","8.9 %","44.1 %","30.6 %","25.3 %","12907"
"Matt Davidson","White Sox","0.78","17.3 %","36.2 %","46.5 %","22.0 %","33.4 %","66.5 %","48.4 %","46.9 %","78.0 %","66.3 %","45.3 %","61.4 %","16.3 %","42.1 %","32.3 %","25.6 %","7226"
"Ronald Torreyes","Yankees","1.72","17.2 %","52.4 %","30.4 %","3.6 %","40.8 %","77.3 %","58.6 %","73.8 %","92.1 %","85.6 %","48.7 %","69.9 %","8.5 %","44.1 %","31.7 %","24.2 %","11400"
"Rickie Weeks Jr.","Rays","1.00","19.1 %","40.4 %","40.4 %","10.5 %","26.9 %","67.0 %","43.8 %","42.7 %","61.8 %","55.0 %","42.1 %","57.1 %","19.7 %","38.3 %","38.3 %","23.4 %","1849"
"Jesus Sucre","Rays","1.02","22.1 %","39.3 %","38.6 %","12.5 %","35.1 %","63.5 %","47.6 %","60.3 %","87.6 %","76.4 %","44.2 %","58.3 %","11.3 %","29.3 %","38.8 %","32.0 %","5942"
"Bruce Maxwell","Athletics","1.47","20.3 %","47.5 %","32.3 %","5.9 %","23.4 %","64.9 %","41.5 %","73.2 %","85.4 %","81.5 %","43.7 %","51.4 %","7.7 %","35.9 %","35.9 %","28.3 %","13866"
"Jarrod Dyson","Mariners","1.38","19.1 %","46.9 %","33.9 %","5.3 %","27.1 %","60.4 %","43.2 %","77.2 %","91.3 %","86.7 %","48.4 %","63.6 %","5.7 %","39.7 %","33.0 %","27.3 %","4866"
"Sam Travis","Red Sox","1.59","17.0 %","50.9 %","32.1 %","0.0 %","17.5 %","62.2 %","38.5 %","50.0 %","79.4 %","72.3 %","47.0 %","67.5 %","10.7 %","30.2 %","41.5 %","28.3 %","16263"
"Franchy Cordero","Padres","1.44","18.8 %","47.9 %","33.3 %","18.8 %","38.0 %","71.7 %","51.9 %","47.8 %","68.1 %","59.3 %","41.2 %","66.7 %","21.1 %","40.8 %","36.7 %","22.5 %","14567"
"Mark Trumbo","Orioles","1.07","16.1 %","43.3 %","40.6 %","13.8 %","34.5 %","70.8 %","49.6 %","59.7 %","80.8 %","72.2 %","41.7 %","62.4 %","13.8 %","38.7 %","39.9 %","21.4 %","6876"
"Jose Bautista","Blue Jays","0.82","16.5 %","37.7 %","45.8 %","11.9 %","25.3 %","62.1 %","41.0 %","58.6 %","81.4 %","73.3 %","42.6 %","56.3 %","11.0 %","45.1 %","33.0 %","21.9 %","1887"
"Carlos Ruiz","Mariners","1.30","21.6 %","44.3 %","34.1 %","10.0 %","17.8 %","55.2 %","36.6 %","62.5 %","86.8 %","80.9 %","50.1 %","57.9 %","7.0 %","49.4 %","29.2 %","21.4 %","2579"
"Adeiny Hechavarria","- - -","1.53","19.5 %","48.7 %","31.8 %","9.6 %","43.0 %","74.8 %","57.5 %","63.0 %","88.0 %","77.9 %","45.7 %","69.8 %","12.7 %","39.0 %","30.0 %","31.1 %","10459"
"Brad Miller","Rays","1.31","16.5 %","47.4 %","36.1 %","10.8 %","27.4 %","71.4 %","45.6 %","64.4 %","75.7 %","71.7 %","41.5 %","59.2 %","12.9 %","34.5 %","35.8 %","29.7 %","12775"
"A.J. Ellis","Marlins","1.34","13.5 %","49.5 %","36.9 %","14.6 %","21.1 %","62.2 %","42.1 %","66.7 %","87.3 %","82.2 %","51.2 %","52.8 %","7.5 %","29.3 %","38.8 %","31.9 %","5677"
"Wilmer Difo","Nationals","2.05","24.4 %","50.8 %","24.8 %","7.9 %","33.5 %","73.1 %","52.2 %","61.6 %","84.5 %","76.8 %","47.3 %","62.5 %","12.1 %","39.9 %","35.3 %","24.8 %","14320"
"Brandon Guyer","Indians","1.09","25.2 %","39.0 %","35.8 %","4.5 %","20.9 %","67.3 %","42.5 %","62.4 %","82.4 %","77.2 %","46.6 %","58.3 %","9.7 %","42.1 %","32.5 %","25.4 %","2636"
"Jose Osuna","Pirates","1.82","18.2 %","52.8 %","29.0 %","13.7 %","35.7 %","69.8 %","50.5 %","69.8 %","88.7 %","81.2 %","43.6 %","61.2 %","9.5 %","38.6 %","31.3 %","30.1 %","12937"
"Troy Tulowitzki","Blue Jays","1.58","14.4 %","52.5 %","33.2 %","10.4 %","31.0 %","62.4 %","45.6 %","71.3 %","90.4 %","83.4 %","46.5 %","64.6 %","7.6 %","41.6 %","35.2 %","23.3 %","3531"
"Maikel Franco","Phillies","1.24","17.9 %","45.4 %","36.7 %","13.5 %","31.5 %","75.2 %","50.3 %","66.0 %","86.3 %","79.1 %","43.2 %","63.6 %","10.5 %","46.2 %","32.0 %","21.9 %","12179"
"Derek Fisher","Astros","2.58","24.4 %","54.4 %","21.1 %","26.3 %","23.5 %","60.7 %","39.7 %","56.2 %","79.0 %","71.3 %","43.4 %","54.8 %","11.4 %","44.6 %","33.7 %","21.7 %","16192"
"Erik Gonzalez","Indians","2.63","20.5 %","57.5 %","21.9 %","25.0 %","39.0 %","71.2 %","54.5 %","52.2 %","73.7 %","65.7 %","48.1 %","68.7 %","18.6 %","40.0 %","37.3 %","22.7 %","13369"
"Aledmys Diaz","Cardinals","1.21","16.6 %","45.6 %","37.8 %","7.7 %","38.7 %","68.9 %","52.3 %","65.2 %","89.2 %","79.5 %","45.1 %","61.8 %","10.8 %","49.6 %","33.3 %","17.1 %","15937"
"Roberto Perez","Indians","1.55","17.2 %","50.3 %","32.4 %","17.0 %","21.7 %","59.1 %","39.1 %","62.2 %","81.1 %","75.5 %","46.6 %","59.3 %","9.6 %","45.7 %","38.4 %","15.9 %","2900"
"Mac Williamson","Giants","2.17","11.6 %","60.5 %","27.9 %","25.0 %","32.5 %","73.8 %","53.0 %","53.1 %","75.5 %","68.6 %","49.7 %","69.9 %","16.7 %","46.5 %","23.3 %","30.2 %","14158"
"Nick Hundley","Giants","1.10","19.2 %","42.3 %","38.5 %","11.3 %","34.0 %","73.5 %","52.7 %","50.5 %","86.6 %","74.4 %","47.5 %","60.1 %","13.5 %","37.6 %","36.7 %","25.7 %","3376"
"Miguel Montero","- - -","1.00","15.7 %","42.1 %","42.1 %","10.2 %","29.2 %","66.7 %","46.7 %","60.9 %","87.3 %","78.6 %","46.9 %","62.9 %","10.0 %","34.3 %","40.7 %","25.0 %","3364"
"Ryan Hanigan","Rockies","2.76","15.8 %","61.8 %","22.4 %","11.8 %","22.4 %","62.3 %","44.3 %","58.5 %","86.3 %","80.0 %","54.9 %","56.3 %","8.9 %","32.5 %","32.5 %","35.1 %","4952"
"Tim Anderson","White Sox","1.88","19.2 %","52.7 %","28.0 %","14.4 %","41.3 %","70.8 %","54.7 %","54.2 %","84.8 %","72.2 %","45.3 %","66.3 %","15.2 %","42.8 %","35.1 %","22.2 %","15172"
"Guillermo Heredia","Mariners","1.36","17.6 %","47.4 %","34.9 %","5.5 %","24.0 %","63.3 %","43.7 %","74.7 %","91.2 %","86.7 %","50.0 %","60.3 %","5.8 %","35.2 %","39.5 %","25.3 %","18721"
"Gorkys Hernandez","Giants","1.51","21.6 %","47.2 %","31.2 %","0.0 %","26.9 %","70.4 %","46.2 %","53.3 %","87.6 %","76.5 %","44.4 %","61.2 %","10.9 %","38.6 %","34.4 %","27.0 %","4146"
"Jonathan Villar","Brewers","2.62","20.8 %","57.4 %","21.9 %","19.0 %","29.5 %","68.0 %","47.4 %","58.3 %","77.4 %","71.1 %","46.6 %","61.9 %","13.7 %","39.1 %","36.5 %","24.5 %","10071"
"Juan Lagares","Mets","1.76","20.4 %","50.8 %","28.8 %","5.5 %","33.6 %","61.5 %","46.2 %","68.4 %","86.1 %","79.0 %","45.3 %","64.3 %","9.7 %","43.7 %","32.2 %","24.1 %","5384"
"Ichiro Suzuki","Marlins","2.33","18.8 %","56.9 %","24.4 %","7.7 %","30.6 %","60.3 %","45.3 %","71.6 %","89.5 %","83.4 %","49.4 %","54.9 %","7.5 %","32.7 %","34.6 %","32.7 %","1101"
"Albert Pujols","Angels","1.14","18.5 %","43.5 %","38.1 %","12.0 %","33.9 %","64.4 %","47.2 %","67.6 %","90.5 %","81.2 %","43.6 %","55.5 %","8.9 %","47.4 %","34.7 %","17.9 %","1177"
"Kelby Tomlinson","Giants","2.06","25.2 %","50.3 %","24.5 %","2.9 %","23.7 %","65.5 %","44.1 %","73.5 %","88.6 %","84.5 %","49.0 %","64.0 %","6.9 %","24.2 %","39.2 %","36.6 %","13005"
"Stephen Drew","Nationals","0.74","20.8 %","33.8 %","45.5 %","2.9 %","24.7 %","60.1 %","40.2 %","60.7 %","89.7 %","79.7 %","43.9 %","45.3 %","8.2 %","40.3 %","33.8 %","26.0 %","4251"
"Ben Revere","Angels","2.98","25.5 %","55.8 %","18.7 %","2.0 %","26.6 %","59.6 %","43.0 %","80.7 %","95.5 %","90.9 %","49.7 %","59.1 %","3.9 %","33.6 %","39.6 %","26.9 %","4712"
"Daniel Robertson","Rays","1.26","17.8 %","45.9 %","36.3 %","9.4 %","24.2 %","61.2 %","41.3 %","62.8 %","83.8 %","77.2 %","46.2 %","65.8 %","9.4 %","29.7 %","44.6 %","25.7 %","14145"
"Chris Carter","Yankees","0.60","20.0 %","30.0 %","50.0 %","14.5 %","27.9 %","72.7 %","47.8 %","44.9 %","69.3 %","61.4 %","44.4 %","60.6 %","18.4 %","47.3 %","31.8 %","20.9 %","9911"
"Jordan Luplow","Pirates","0.81","16.1 %","37.5 %","46.4 %","11.5 %","25.8 %","71.4 %","48.2 %","56.1 %","80.0 %","73.5 %","49.2 %","63.2 %","12.8 %","43.9 %","31.6 %","24.6 %","16424"
"Jose Iglesias","Tigers","1.90","23.2 %","50.4 %","26.4 %","5.7 %","36.5 %","56.9 %","46.3 %","73.7 %","94.4 %","86.0 %","48.4 %","62.4 %","6.5 %","37.3 %","31.8 %","30.9 %","10231"
"Carlos Beltran","Astros","1.07","16.4 %","43.1 %","40.4 %","9.3 %","33.3 %","65.9 %","47.8 %","66.0 %","90.8 %","81.2 %","44.6 %","63.1 %","9.0 %","47.7 %","31.0 %","21.3 %","589"
"Amed Rosario","Mets","1.74","19.8 %","50.9 %","29.3 %","11.8 %","45.5 %","66.6 %","55.3 %","56.4 %","75.9 %","67.3 %","46.6 %","68.8 %","18.1 %","31.0 %","39.7 %","29.3 %","15518"
"Erick Aybar","Padres","1.81","19.8 %","51.6 %","28.6 %","9.0 %","32.0 %","65.8 %","47.6 %","71.5 %","92.5 %","84.9 %","46.0 %","67.8 %","7.2 %","44.1 %","26.0 %","29.9 %","4082"
"Tyler Moore","Marlins","0.73","14.1 %","36.3 %","49.6 %","9.0 %","34.9 %","71.8 %","50.8 %","58.2 %","80.8 %","71.9 %","43.2 %","65.5 %","14.3 %","46.3 %","27.9 %","25.7 %","7244"
"Matt Reynolds","Mets","1.64","12.0 %","54.7 %","33.3 %","4.0 %","23.9 %","60.5 %","40.2 %","52.1 %","86.8 %","75.4 %","44.5 %","55.4 %","9.9 %","33.8 %","39.0 %","27.3 %","13788"
"Adrian Sanchez","Nationals","2.00","33.3 %","44.4 %","22.2 %","0.0 %","40.2 %","70.6 %","54.8 %","65.5 %","78.7 %","73.6 %","47.9 %","73.3 %","14.5 %","35.4 %","39.6 %","25.0 %","11338"
"Dominic Smith","Mets","1.50","16.0 %","50.4 %","33.6 %","22.5 %","35.5 %","65.9 %","48.8 %","58.8 %","82.2 %","72.7 %","43.8 %","60.1 %","13.3 %","38.7 %","39.5 %","21.9 %","15653"
"Jace Peterson","Braves","1.93","12.4 %","57.7 %","29.9 %","4.9 %","20.4 %","61.3 %","38.7 %","50.0 %","83.2 %","73.5 %","44.7 %","57.7 %","10.2 %","43.2 %","30.9 %","25.9 %","12325"
"Max Moroff","Pirates","0.88","19.5 %","37.7 %","42.9 %","9.1 %","26.4 %","61.7 %","42.5 %","53.4 %","80.2 %","71.2 %","45.6 %","58.6 %","12.3 %","49.4 %","30.4 %","20.3 %","14556"
"Jett Bandy","Brewers","1.10","25.4 %","39.0 %","35.6 %","14.3 %","39.9 %","66.8 %","51.3 %","66.7 %","85.0 %","76.8 %","42.4 %","60.6 %","11.9 %","50.9 %","30.5 %","18.6 %","12508"
"Peter Bourjos","Rays","1.35","15.7 %","48.5 %","35.8 %","10.4 %","32.8 %","68.6 %","48.2 %","60.5 %","80.0 %","72.5 %","43.0 %","64.5 %","13.3 %","38.7 %","34.3 %","27.0 %","2578"
"Sandy Leon","Red Sox","0.96","25.4 %","36.5 %","38.1 %","9.3 %","32.4 %","62.5 %","45.4 %","67.5 %","89.0 %","80.3 %","43.2 %","56.5 %","8.9 %","37.8 %","34.8 %","27.4 %","5273"
"Rajai Davis","- - -","1.33","18.7 %","46.4 %","34.9 %","5.7 %","33.5 %","70.6 %","50.2 %","62.9 %","85.4 %","77.1 %","45.1 %","64.2 %","11.5 %","41.2 %","31.8 %","27.1 %","3708"
"Harrison Bader","Cardinals","1.13","16.4 %","44.3 %","39.3 %","12.5 %","31.9 %","70.6 %","48.1 %","47.1 %","89.8 %","73.3 %","41.8 %","60.9 %","12.8 %","38.7 %","37.1 %","24.2 %","18030"
"Martin Maldonado","Angels","1.32","14.9 %","48.5 %","36.6 %","12.6 %","34.4 %","65.6 %","49.0 %","54.0 %","86.1 %","74.2 %","46.9 %","66.0 %","12.7 %","41.7 %","31.7 %","26.7 %","6887"
"Cliff Pennington","Angels","1.00","19.4 %","40.3 %","40.3 %","5.4 %","28.6 %","63.2 %","44.4 %","62.3 %","85.2 %","77.2 %","45.6 %","64.5 %","10.1 %","33.1 %","35.2 %","31.7 %","3395"
"Ryan Goins","Blue Jays","1.45","14.9 %","50.3 %","34.8 %","8.0 %","30.8 %","60.7 %","44.3 %","69.1 %","87.6 %","80.6 %","45.2 %","58.8 %","8.6 %","33.1 %","34.3 %","32.5 %","9807"
"Billy Hamilton","Reds","1.50","23.6 %","45.8 %","30.6 %","3.0 %","29.9 %","63.3 %","45.3 %","71.4 %","88.8 %","82.6 %","46.0 %","63.0 %","7.9 %","36.8 %","37.3 %","25.9 %","10199"
"Austin Hedges","Padres","0.80","17.7 %","36.6 %","45.7 %","14.9 %","37.7 %","72.1 %","53.1 %","52.8 %","80.6 %","69.7 %","44.7 %","61.9 %","16.1 %","39.0 %","34.9 %","26.0 %","12976"
"Ryan Rua","Rangers","1.43","27.3 %","42.9 %","29.9 %","13.0 %","34.8 %","60.9 %","45.7 %","51.8 %","74.8 %","64.6 %","41.7 %","60.4 %","16.2 %","57.7 %","25.6 %","16.7 %","12409"
"Zack Granite","Twins","1.87","21.4 %","51.2 %","27.4 %","4.3 %","20.4 %","54.3 %","36.9 %","88.9 %","97.4 %","95.0 %","48.7 %","60.8 %","1.9 %","31.4 %","38.4 %","30.2 %","15343"
"Hector Sanchez","Padres","0.81","21.6 %","35.1 %","43.3 %","19.0 %","33.4 %","75.4 %","52.3 %","59.2 %","77.9 %","71.3 %","45.0 %","58.7 %","15.0 %","48.5 %","33.0 %","18.6 %","10289"
"Dansby Swanson","Braves","1.61","23.2 %","47.4 %","29.4 %","5.5 %","27.2 %","66.6 %","44.4 %","61.8 %","87.1 %","78.4 %","43.7 %","58.3 %","9.6 %","42.5 %","30.9 %","26.6 %","18314"
"Mark Canha","Athletics","0.71","20.3 %","33.1 %","46.6 %","9.1 %","37.7 %","66.9 %","49.9 %","68.9 %","81.3 %","75.9 %","41.9 %","57.8 %","12.0 %","48.3 %","22.0 %","29.7 %","11445"
"Adrian Gonzalez","Dodgers","1.11","21.9 %","41.1 %","37.0 %","4.2 %","32.1 %","72.6 %","50.3 %","62.7 %","86.3 %","78.0 %","44.9 %","58.3 %","11.1 %","37.0 %","34.4 %","28.7 %","1908"
"Andrew Romine","Tigers","1.74","26.2 %","46.8 %","27.0 %","5.9 %","34.9 %","74.9 %","53.1 %","63.4 %","87.0 %","78.5 %","45.4 %","65.2 %","11.4 %","33.3 %","34.5 %","32.2 %","1159"
"Martin Prado","Marlins","1.57","20.2 %","48.7 %","31.1 %","5.4 %","26.3 %","49.8 %","37.3 %","72.4 %","93.8 %","85.8 %","47.0 %","62.6 %","5.3 %","37.0 %","34.5 %","28.6 %","3312"
"Tony Wolters","Rockies","2.29","21.5 %","54.7 %","23.8 %","0.0 %","27.1 %","60.0 %","43.3 %","62.9 %","89.2 %","80.8 %","49.1 %","55.3 %","8.3 %","35.8 %","37.5 %","26.7 %","11470"
"Dixon Machado","Tigers","2.33","18.5 %","57.0 %","24.4 %","3.0 %","21.8 %","60.4 %","40.5 %","56.6 %","89.9 %","80.7 %","48.5 %","58.0 %","7.8 %","43.5 %","38.4 %","18.1 %","11472"
"Matt Wieters","Nationals","1.17","21.1 %","42.5 %","36.4 %","8.3 %","29.4 %","72.6 %","49.0 %","71.9 %","85.0 %","80.7 %","45.4 %","55.3 %","9.5 %","42.2 %","34.3 %","23.5 %","4298"
"Jose Peraza","Reds","1.50","21.6 %","47.1 %","31.3 %","3.9 %","35.1 %","68.9 %","51.1 %","72.4 %","92.9 %","85.4 %","47.3 %","63.5 %","7.4 %","32.3 %","39.2 %","28.5 %","13593"
"Rougned Odor","Rangers","0.98","16.3 %","41.5 %","42.2 %","16.0 %","38.3 %","73.6 %","52.8 %","62.1 %","85.3 %","75.4 %","41.1 %","59.9 %","13.0 %","50.3 %","29.8 %","19.8 %","12282"
"Chris Herrmann","Diamondbacks","1.15","17.6 %","44.0 %","38.4 %","16.4 %","23.9 %","66.8 %","43.5 %","57.5 %","81.7 %","74.5 %","45.8 %","57.8 %","11.1 %","34.4 %","39.4 %","26.3 %","9284"
"Derek Norris","Rays","0.58","25.2 %","27.4 %","47.4 %","14.1 %","29.6 %","73.2 %","49.3 %","48.4 %","87.1 %","74.3 %","45.1 %","61.6 %","12.7 %","39.3 %","43.7 %","17.0 %","6867"
"Pablo Sandoval","- - -","1.30","16.3 %","47.4 %","36.4 %","11.8 %","43.0 %","78.8 %","57.7 %","72.9 %","81.7 %","77.9 %","41.2 %","67.7 %","12.8 %","32.5 %","38.3 %","29.2 %","5409"
"Tomas Telis","Marlins","2.00","24.2 %","50.5 %","25.3 %","0.0 %","28.6 %","57.7 %","43.0 %","86.9 %","91.7 %","90.1 %","49.4 %","52.3 %","4.3 %","29.5 %","37.9 %","32.6 %","10067"
"J.T. Riddle","Marlins","1.88","18.3 %","53.3 %","28.3 %","5.9 %","33.8 %","71.2 %","51.6 %","66.0 %","87.2 %","79.9 %","47.6 %","61.9 %","10.4 %","43.2 %","29.2 %","27.6 %","17642"
"Joey Rickard","Orioles","0.93","26.6 %","35.4 %","38.0 %","5.5 %","31.0 %","62.0 %","46.0 %","68.8 %","83.1 %","78.2 %","48.5 %","65.3 %","10.1 %","50.8 %","28.4 %","20.9 %","13277"
"Alex Gordon","Royals","1.29","24.4 %","42.6 %","33.0 %","7.8 %","27.3 %","70.4 %","47.3 %","57.6 %","87.5 %","78.3 %","46.5 %","59.2 %","10.3 %","43.0 %","34.8 %","22.2 %","5209"
"Tyler Collins","Tigers","0.83","21.1 %","35.8 %","43.2 %","12.2 %","29.2 %","67.2 %","45.2 %","55.1 %","80.2 %","70.8 %","42.0 %","58.0 %","13.2 %","33.3 %","37.5 %","29.2 %","12723"
"Daniel Robertson","Indians","4.50","13.2 %","71.1 %","15.8 %","8.3 %","16.6 %","59.2 %","38.7 %","84.0 %","97.9 %","95.1 %","52.1 %","63.6 %","1.9 %","41.0 %","34.6 %","24.4 %","6266"
"Alcides Escobar","Royals","1.09","21.8 %","40.8 %","37.4 %","3.2 %","36.8 %","72.0 %","53.1 %","70.5 %","86.0 %","80.3 %","46.3 %","64.7 %","10.5 %","38.0 %","33.5 %","28.5 %","6310"
"Adonis Garcia","Braves","1.86","16.0 %","54.7 %","29.3 %","11.4 %","37.4 %","73.9 %","52.6 %","72.7 %","86.7 %","80.9 %","41.7 %","59.0 %","10.0 %","37.1 %","37.8 %","25.2 %","13777"
"Hyun Soo Kim","- - -","1.63","24.1 %","47.0 %","28.9 %","2.1 %","20.8 %","65.4 %","41.8 %","71.6 %","86.8 %","82.8 %","47.0 %","53.1 %","7.2 %","33.9 %","35.7 %","30.4 %","18718"
"Rey Fuentes","Diamondbacks","1.48","22.2 %","46.5 %","31.3 %","9.7 %","33.5 %","68.3 %","49.5 %","50.0 %","87.4 %","73.7 %","45.9 %","64.1 %","13.0 %","39.2 %","39.2 %","21.6 %","10329"
"Alexi Amarista","Rockies","1.54","23.8 %","46.2 %","30.0 %","7.7 %","38.6 %","65.5 %","51.2 %","70.1 %","89.7 %","81.8 %","46.6 %","59.1 %","9.3 %","32.1 %","40.5 %","27.5 %","9063"
"Drew Butera","Royals","0.67","24.6 %","30.3 %","45.1 %","5.5 %","25.8 %","65.6 %","45.7 %","57.0 %","89.4 %","80.2 %","50.0 %","56.5 %","9.0 %","43.1 %","31.7 %","25.2 %","3411"
"Darwin Barney","Blue Jays","1.43","20.7 %","46.7 %","32.6 %","6.8 %","36.2 %","64.5 %","49.4 %","74.7 %","91.5 %","85.0 %","46.7 %","60.2 %","7.4 %","39.6 %","30.2 %","30.2 %","2430"
"Jeff Mathis","Diamondbacks","1.18","23.2 %","41.6 %","35.2 %","4.5 %","35.1 %","68.3 %","51.6 %","46.2 %","79.9 %","68.4 %","49.7 %","68.5 %","16.3 %","38.9 %","39.7 %","21.4 %","3448"
"Adam Rosales","- - -","0.84","22.2 %","35.4 %","42.3 %","8.8 %","29.0 %","70.4 %","47.9 %","49.5 %","74.2 %","66.1 %","45.7 %","62.8 %","16.2 %","41.6 %","34.0 %","24.4 %","9682"
"Alen Hanson","- - -","1.51","15.9 %","50.6 %","33.5 %","7.3 %","31.8 %","69.4 %","50.3 %","52.9 %","88.4 %","77.0 %","49.2 %","55.6 %","11.6 %","45.0 %","32.0 %","23.1 %","12926"
"Cheslor Cuthbert","Royals","1.19","22.9 %","41.9 %","35.2 %","5.4 %","34.9 %","70.8 %","52.1 %","53.9 %","83.0 %","72.8 %","47.9 %","59.5 %","14.2 %","33.3 %","37.1 %","29.5 %","10473"
"Rio Ruiz","Braves","1.85","13.4 %","56.3 %","30.4 %","11.8 %","29.2 %","74.6 %","49.1 %","52.7 %","86.1 %","74.9 %","43.8 %","60.1 %","12.3 %","41.1 %","36.6 %","22.3 %","14103"
"Chris Coghlan","Blue Jays","1.22","23.1 %","42.3 %","34.6 %","5.6 %","28.4 %","71.3 %","47.3 %","69.0 %","86.8 %","80.8 %","44.0 %","59.1 %","9.1 %","36.4 %","43.6 %","20.0 %","6878"
"Dustin Garneau","- - -","0.66","23.7 %","30.3 %","46.1 %","5.7 %","32.3 %","76.0 %","52.3 %","52.2 %","80.0 %","70.7 %","45.9 %","67.5 %","15.3 %","52.0 %","19.5 %","28.6 %","9433"
"Ruben Tejada","Orioles","1.03","21.4 %","39.8 %","38.8 %","0.0 %","26.6 %","74.6 %","48.9 %","68.8 %","92.3 %","85.5 %","46.4 %","61.3 %","7.1 %","32.3 %","33.3 %","34.3 %","5519"
"Brock Stassi","Phillies","0.96","19.6 %","39.3 %","41.1 %","8.7 %","24.6 %","62.9 %","42.1 %","81.5 %","88.0 %","86.0 %","45.8 %","56.7 %","5.9 %","32.1 %","42.9 %","25.0 %","12244"
"Franklin Barreto","Athletics","0.58","21.1 %","28.9 %","50.0 %","10.5 %","39.9 %","59.7 %","48.3 %","55.1 %","81.8 %","69.2 %","42.7 %","69.7 %","14.9 %","31.6 %","29.0 %","39.5 %","15519"
"Trevor Plouffe","- - -","1.44","20.4 %","46.9 %","32.7 %","14.1 %","28.4 %","64.8 %","44.7 %","66.5 %","83.8 %","77.7 %","44.8 %","68.1 %","10.0 %","50.0 %","35.2 %","14.8 %","7462"
"Jefry Marte","Angels","1.38","19.1 %","46.8 %","34.0 %","12.5 %","26.9 %","64.9 %","43.8 %","64.2 %","80.3 %","74.8 %","44.6 %","63.5 %","11.1 %","54.3 %","33.0 %","12.8 %","5107"
"Ramon Torres","Royals","1.82","22.6 %","50.0 %","27.4 %","0.0 %","32.9 %","62.8 %","47.6 %","80.8 %","86.5 %","84.5 %","49.2 %","58.2 %","7.4 %","30.7 %","43.6 %","25.8 %","14113"
"Sean Rodriguez","- - -","1.00","21.6 %","39.2 %","39.2 %","17.2 %","30.4 %","76.4 %","50.1 %","38.8 %","75.8 %","63.0 %","42.8 %","68.0 %","18.6 %","40.8 %","38.2 %","21.1 %","6589"
"Deven Marrero","Red Sox","2.19","23.1 %","52.8 %","24.1 %","15.4 %","31.3 %","63.4 %","46.1 %","60.3 %","83.3 %","74.9 %","46.0 %","63.3 %","11.6 %","27.0 %","30.4 %","42.6 %","13325"
"Allen Cordoba","Padres","1.64","14.5 %","53.1 %","32.4 %","8.5 %","31.9 %","59.8 %","43.8 %","64.3 %","80.5 %","73.7 %","42.7 %","60.4 %","11.5 %","36.7 %","39.3 %","24.0 %","15722"
"Michael Saunders","- - -","1.16","16.6 %","44.8 %","38.7 %","9.5 %","30.4 %","71.7 %","47.7 %","60.3 %","89.2 %","78.5 %","41.9 %","50.9 %","10.3 %","43.6 %","36.8 %","19.6 %","9981"
"Brock Holt","Red Sox","2.56","16.8 %","59.8 %","23.4 %","0.0 %","22.3 %","55.2 %","37.4 %","72.1 %","93.4 %","86.6 %","46.1 %","57.3 %","5.0 %","29.6 %","31.5 %","38.9 %","9345"
"Richard Urena","Blue Jays","1.67","38.5 %","38.5 %","23.1 %","11.1 %","35.3 %","63.5 %","48.0 %","54.2 %","82.8 %","71.2 %","45.1 %","58.7 %","13.8 %","26.8 %","34.2 %","39.0 %","16411"
"Mike Aviles","Marlins","1.55","21.1 %","47.9 %","31.0 %","4.5 %","30.0 %","64.0 %","46.6 %","74.1 %","94.6 %","87.8 %","48.9 %","57.7 %","5.7 %","28.4 %","40.5 %","31.1 %","5986"
"Ty Kelly","- - -","1.12","20.9 %","41.8 %","37.3 %","8.0 %","19.0 %","57.9 %","38.4 %","61.0 %","84.8 %","78.9 %","50.0 %","57.1 %","8.1 %","45.1 %","28.2 %","26.8 %","7740"
"Josh Phegley","Athletics","0.75","16.9 %","35.5 %","47.6 %","5.1 %","39.4 %","64.8 %","50.5 %","65.3 %","89.2 %","78.7 %","43.7 %","68.9 %","10.7 %","40.3 %","35.5 %","24.2 %","9308"
"Josh Rutledge","Red Sox","2.65","18.4 %","59.2 %","22.4 %","0.0 %","31.3 %","54.7 %","43.1 %","54.9 %","89.0 %","76.8 %","50.5 %","72.0 %","10.0 %","35.5 %","42.1 %","22.4 %","11167"
"Taylor Motter","Mariners","1.11","20.4 %","41.8 %","37.8 %","9.5 %","24.0 %","65.3 %","44.6 %","59.0 %","89.0 %","80.9 %","49.9 %","64.6 %","8.5 %","54.3 %","27.9 %","17.8 %","12399"
"Danny Santana","- - -","1.76","15.0 %","54.2 %","30.8 %","10.8 %","39.3 %","76.0 %","55.2 %","58.3 %","85.0 %","74.2 %","43.4 %","64.0 %","14.2 %","43.0 %","32.8 %","24.2 %","10322"
"Elias Diaz","Pirates","1.76","17.9 %","52.3 %","29.8 %","2.2 %","29.1 %","77.1 %","51.6 %","64.1 %","90.5 %","82.6 %","46.8 %","59.0 %","9.0 %","33.1 %","38.4 %","28.5 %","11680"
"J.J. Hardy","Orioles","1.22","17.6 %","45.4 %","37.1 %","5.3 %","28.5 %","50.5 %","39.5 %","70.1 %","90.1 %","82.9 %","50.1 %","64.2 %","6.8 %","37.2 %","41.1 %","21.7 %","3797"
"Austin Romine","Yankees","1.50","25.3 %","44.8 %","29.9 %","3.8 %","34.8 %","67.6 %","49.1 %","63.6 %","82.5 %","75.0 %","43.5 %","64.3 %","12.3 %","26.6 %","38.4 %","35.0 %","5491"
"Nick Franklin","- - -","1.56","22.9 %","47.0 %","30.1 %","8.0 %","21.9 %","68.2 %","41.5 %","60.0 %","85.4 %","77.7 %","42.3 %","56.3 %","9.2 %","46.4 %","31.0 %","22.6 %","10166"
"Jared Hoying","Rangers","1.24","22.4 %","42.9 %","34.7 %","5.9 %","38.0 %","62.4 %","48.1 %","54.0 %","84.9 %","70.6 %","41.3 %","71.4 %","14.1 %","54.0 %","24.0 %","22.0 %","10882"
"Andres Blanco","Phillies","1.48","15.5 %","50.5 %","34.0 %","9.1 %","31.8 %","75.1 %","53.2 %","48.3 %","84.4 %","73.5 %","49.4 %","65.3 %","14.1 %","39.8 %","29.6 %","30.6 %","1907"
"Giovanny Urshela","Indians","1.45","23.1 %","45.5 %","31.3 %","2.4 %","41.6 %","69.2 %","53.9 %","75.9 %","89.6 %","83.7 %","44.4 %","63.6 %","8.8 %","29.6 %","45.9 %","24.4 %","10681"
"Jurickson Profar","Rangers","1.20","25.0 %","40.9 %","34.1 %","0.0 %","24.3 %","70.1 %","45.2 %","73.0 %","86.5 %","82.5 %","45.5 %","65.7 %","7.9 %","32.6 %","41.3 %","26.1 %","10815"
"Christian Arroyo","Giants","2.85","18.1 %","60.6 %","21.3 %","15.0 %","31.3 %","74.2 %","52.3 %","62.4 %","91.2 %","82.4 %","48.9 %","62.2 %","9.2 %","38.3 %","36.2 %","25.5 %","16434"
"Travis Jankowski","Padres","2.60","14.3 %","61.9 %","23.8 %","0.0 %","24.0 %","63.8 %","42.9 %","45.7 %","83.8 %","72.6 %","47.5 %","57.5 %","11.8 %","36.7 %","32.7 %","30.6 %","13768"
"Jose Lobaton","Nationals","1.59","17.0 %","50.9 %","32.1 %","11.8 %","28.8 %","69.7 %","48.3 %","59.6 %","83.3 %","75.9 %","47.9 %","58.2 %","11.6 %","40.7 %","33.3 %","25.9 %","4243"
"Danny Espinosa","- - -","0.97","13.9 %","42.4 %","43.7 %","9.1 %","31.8 %","74.3 %","51.9 %","37.8 %","72.4 %","61.2 %","47.3 %","60.3 %","20.1 %","49.4 %","34.4 %","16.3 %","9219"
"Gavin Cecchini","Mets","1.30","20.7 %","44.8 %","34.5 %","5.0 %","42.7 %","69.1 %","53.7 %","69.9 %","89.4 %","80.4 %","41.8 %","61.0 %","10.5 %","46.6 %","24.1 %","29.3 %","17005"
"Adam Engel","White Sox","0.91","13.6 %","41.2 %","45.2 %","7.5 %","33.7 %","63.9 %","47.4 %","53.7 %","77.3 %","68.2 %","45.5 %","66.1 %","15.1 %","43.2 %","30.7 %","26.0 %","15082"
"Zack Greinke","Diamondbacks","1.64","34.1 %","40.9 %","25.0 %","0.0 %","29.2 %","66.7 %","47.1 %","68.9 %","80.9 %","77.0 %","47.8 %","61.4 %","10.9 %","34.7 %","40.8 %","24.5 %","1943"
"Eric Fryer","Cardinals","2.21","15.1 %","58.5 %","26.4 %","0.0 %","21.2 %","64.2 %","42.0 %","74.4 %","84.7 %","82.0 %","48.5 %","56.6 %","7.6 %","41.5 %","32.1 %","26.4 %","8145"
"JaCoby Jones","Tigers","1.65","18.7 %","50.7 %","30.7 %","13.0 %","35.5 %","64.0 %","48.1 %","49.2 %","73.1 %","63.2 %","44.0 %","68.8 %","17.7 %","47.4 %","36.8 %","15.8 %","14818"
"Paulo Orlando","Royals","1.22","21.5 %","43.1 %","35.4 %","8.7 %","41.8 %","74.0 %","58.1 %","49.2 %","82.9 %","70.9 %","50.7 %","72.2 %","16.9 %","39.4 %","36.4 %","24.2 %","8628"
"Jorge Soler","Royals","0.85","18.0 %","37.7 %","44.3 %","7.4 %","23.1 %","60.0 %","40.3 %","48.2 %","74.0 %","66.1 %","46.7 %","64.6 %","13.7 %","55.7 %","24.6 %","19.7 %","14221"
"Aaron Hill","Giants","0.61","19.6 %","30.4 %","50.0 %","3.6 %","20.0 %","61.6 %","39.8 %","60.0 %","91.8 %","83.5 %","47.6 %","65.0 %","6.6 %","48.2 %","37.5 %","14.3 %","6104"
"Cam Perkins","Phillies","1.57","16.9 %","50.8 %","32.3 %","4.8 %","31.1 %","64.5 %","45.7 %","59.0 %","86.7 %","76.1 %","43.7 %","66.0 %","10.9 %","49.3 %","29.9 %","20.9 %","13444"
"Leonys Martin","- - -","1.17","14.6 %","46.1 %","39.3 %","8.6 %","33.0 %","70.3 %","50.3 %","59.8 %","82.4 %","74.4 %","46.5 %","65.2 %","12.9 %","45.3 %","30.5 %","24.2 %","11846"
"Ryder Jones","Giants","0.80","14.4 %","38.1 %","47.4 %","4.3 %","37.3 %","68.0 %","51.9 %","47.8 %","83.6 %","70.1 %","47.4 %","67.7 %","15.5 %","48.0 %","34.7 %","17.4 %","15982"
"Tyler Saladino","White Sox","1.24","16.9 %","45.9 %","37.2 %","0.0 %","25.7 %","62.5 %","42.1 %","64.0 %","85.4 %","78.1 %","44.6 %","64.1 %","9.2 %","41.5 %","30.3 %","28.2 %","10807"
"Alejandro De Aza","Nationals","1.19","23.9 %","41.3 %","34.8 %","0.0 %","23.5 %","65.0 %","46.2 %","35.7 %","86.0 %","74.4 %","54.6 %","68.6 %","11.8 %","39.2 %","31.4 %","29.4 %","3371"
"Conor Gillaspie","Giants","1.33","11.3 %","50.7 %","38.0 %","7.4 %","28.4 %","71.0 %","47.6 %","58.3 %","93.9 %","82.2 %","45.0 %","51.7 %","8.5 %","45.1 %","38.0 %","16.9 %","9009"
"Jacob deGrom","Mets","1.69","28.6 %","44.9 %","26.5 %","7.7 %","38.8 %","72.4 %","56.4 %","57.8 %","78.3 %","71.5 %","52.3 %","72.7 %","16.1 %","34.0 %","34.0 %","32.1 %","10954"
"Chris Heisey","Nationals","0.80","11.8 %","39.2 %","49.0 %","4.0 %","31.2 %","68.2 %","47.7 %","66.1 %","77.7 %","73.5 %","44.4 %","63.3 %","12.7 %","44.2 %","36.5 %","19.2 %","3978"
"Carson Kelly","Cardinals","2.00","15.8 %","56.1 %","28.1 %","0.0 %","27.7 %","58.1 %","41.6 %","74.4 %","92.0 %","85.6 %","45.4 %","68.0 %","6.0 %","37.9 %","36.2 %","25.9 %","13620"
"Rob Refsnyder","- - -","1.82","12.7 %","56.3 %","31.0 %","0.0 %","20.7 %","66.5 %","41.5 %","62.5 %","86.0 %","79.6 %","45.5 %","50.0 %","8.5 %","28.2 %","49.3 %","22.5 %","13770"
"Chris Stewart","Pirates","1.26","26.2 %","41.1 %","32.7 %","0.0 %","20.7 %","58.4 %","40.0 %","66.7 %","91.2 %","85.0 %","51.3 %","56.9 %","6.0 %","36.6 %","38.4 %","25.0 %","3878"
"Luis Torrens","Padres","2.39","16.1 %","59.1 %","24.7 %","0.0 %","28.9 %","70.6 %","48.8 %","63.0 %","85.0 %","78.2 %","47.7 %","58.3 %","10.7 %","29.2 %","35.4 %","35.4 %","15905"
"Juan Graterol","Angels","1.71","21.9 %","49.3 %","28.8 %","0.0 %","52.0 %","66.4 %","58.5 %","70.9 %","90.4 %","80.9 %","45.1 %","75.9 %","11.2 %","34.3 %","38.4 %","27.4 %","5398"
"Max Scherzer","Nationals","3.22","15.6 %","64.4 %","20.0 %","11.1 %","33.9 %","60.0 %","48.2 %","50.0 %","85.2 %","74.0 %","54.7 %","69.4 %","12.6 %","32.7 %","34.6 %","32.7 %","3137"
"Arismendy Alcantara","Reds","2.05","12.1 %","59.1 %","28.8 %","5.3 %","37.2 %","64.9 %","51.1 %","54.6 %","77.8 %","69.3 %","50.1 %","61.1 %","15.7 %","45.6 %","26.5 %","27.9 %","10711"
"Stuart Turner","Reds","1.13","16.4 %","44.3 %","39.3 %","8.3 %","30.0 %","67.1 %","47.3 %","70.6 %","78.0 %","75.5 %","46.7 %","61.8 %","11.6 %","38.7 %","32.3 %","29.0 %","15207"
"Luke Maile","Blue Jays","1.26","9.5 %","50.5 %","40.0 %","5.3 %","33.6 %","64.3 %","47.8 %","61.5 %","89.4 %","78.9 %","46.4 %","53.7 %","10.1 %","43.8 %","32.3 %","24.0 %","13355"
"Patrick Corbin","Diamondbacks","6.67","11.5 %","76.9 %","11.5 %","0.0 %","32.5 %","54.7 %","43.0 %","54.0 %","79.0 %","69.1 %","47.4 %","70.0 %","13.3 %","25.0 %","44.4 %","30.6 %","9323"
"Julio Teheran","Braves","4.50","15.4 %","69.2 %","15.4 %","0.0 %","36.9 %","60.6 %","48.1 %","66.7 %","86.4 %","78.4 %","47.2 %","63.9 %","10.4 %","32.1 %","43.4 %","24.5 %","6797"
"Gio Gonzalez","Nationals","1.45","18.2 %","48.5 %","33.3 %","0.0 %","42.2 %","64.1 %","52.7 %","40.7 %","62.7 %","53.5 %","47.8 %","68.0 %","24.5 %","31.0 %","40.5 %","28.6 %","7448"
